Front,Back,Tags
What kind of tool is Symfony Flex?,"A Composer plugin that resolves aliases and applies recipes<br><br>Flex is a Composer plugin. It runs at Composer install/update time, resolving package aliases and applying recipes; it has no role during HTTP request handling.",architecture
What does the symfony.lock file track?,Which recipes are installed and their versions<br><br>symfony.lock records applied recipes so Flex can detect updates and reverse them; it is distinct from composer.lock (package versions).,architecture
How does a recipe auto-register a bundle?,"By writing an entry into config/bundles.php<br><br>The bundles configurator adds the bundle class to config/bundles.php, which the kernel reads at boot via MicroKernelTrait::registerBundles().",architecture
Which repository holds the community (opt-in) recipes?,symfony/recipes-contrib<br><br>Curated recipes live in symfony/recipes; community recipes live in symfony/recipes-contrib and require enabling extra.symfony.allow-contrib.,architecture
Under which license is Symfony released?,"MIT<br><br>Symfony components are released under the permissive, non-copyleft MIT license.",architecture
What is the core obligation of the MIT license?,Retain the copyright and permission notice in copies<br><br>MIT only requires that the copyright and permission notice be kept in all copies or substantial portions; it is not copyleft.,architecture
Does the MIT license grant rights to use the Symfony name and logo?,No — those are governed by the separate trademark policy<br><br>The code license (MIT) and the trademark (name/logo) are separate legal instruments. Using the Symfony name/logo follows Symfony SAS&#x27;s trademark policy.,architecture
What best describes a Symfony component?,"A standalone, reusable PHP library shipped as its own Composer package<br><br>Components are decoupled libraries, each independently versioned and usable without the full framework.",architecture
What do the symfony/*-contracts packages contain?,Stable interfaces and traits to depend on<br><br>Contracts packages hold interface-only definitions so consumers can depend on a stable API decoupled from a concrete implementation.,architecture
Can symfony/routing be used without FrameworkBundle?,Yes — it is a standalone component<br><br>Components are decoupled; Routing can be installed and used on its own via UrlMatcher/UrlGenerator without the framework.,architecture
What is a Symfony bridge?,"An integration layer between a component and a specific third-party library<br><br>A bridge holds the glue coupling a Symfony component to one specific external library, keeping the component itself dependency-free.",architecture
Where do bridges live in the Symfony monorepo?,"src/Symfony/Bridge/<br><br>Bridges have their own top-level directory, distinct from Component and Bundle.",architecture
What typically activates a bridge inside a framework application?,A bundle that registers the bridge's classes as services<br><br>Bridges provide classes; a bundle wires them into the container and exposes configuration.,architecture
Which directory is the web root of a Symfony application?,public/<br><br>public/ contains index.php and static assets and is the only web-accessible directory.,architecture
Where are bundles enabled in a modern Symfony app?,config/bundles.php<br><br>config/bundles.php maps each bundle class to the environments where it is enabled; the kernel reads it via MicroKernelTrait.,architecture
What supplies registerBundles() and registerContainerConfiguration() in a skeleton Kernel?,"MicroKernelTrait<br><br>App\\Kernel uses MicroKernelTrait, which implements the boilerplate to load bundles from config/bundles.php and configuration from config/.",architecture
"For a controller that returns a Response, in what order do the kernel events fire?","kernel.request -> kernel.controller -> kernel.controller_arguments -> kernel.response<br><br>kernel.view is skipped because a Response was returned; the remaining events follow the canonical order, then finish_request and terminate.",architecture
When is kernel.view dispatched?,"Only when the controller returns a value that is not a Response<br><br>If the controller returns a non-Response value, kernel.view listeners must convert it into a Response.",architecture
When is kernel.terminate dispatched?,"After the response has been sent to the client, for the main request<br><br>terminate() runs after send() and is not called for sub-requests; it is ideal for slow post-response work.",architecture
A listener calls setResponse() on kernel.request. What happens next?,The controller is skipped and flow continues at kernel.response<br><br>Setting a response on kernel.request short-circuits controller resolution; the response still passes through kernel.response.,architecture
What is the value of HttpKernelInterface::MAIN_REQUEST?,1 (and SUB_REQUEST is 2)<br><br>MAIN_REQUEST is 1 and SUB_REQUEST is 2; the old MASTER_REQUEST constant was removed.,architecture
Which event is responsible for turning an exception into a response?,"kernel.exception<br><br>When an exception escapes handleRaw(), HttpKernel dispatches kernel.exception; listeners may set the response.",architecture
What status code results from an uncaught plain \LogicException?,500<br><br>Only exceptions implementing HttpExceptionInterface carry a status; any other exception defaults to 500.,architecture
At what priority is the default ErrorListener registered on kernel.exception?,"-128, so custom listeners run first<br><br>ErrorListener runs at a low priority (-128) so your own exception listeners get the first chance to handle the throwable.",architecture
Where do you override the default 404 error template?,"templates/bundles/TwigBundle/Exception/error404.html.twig<br><br>TwigBundle resolves error templates from templates/bundles/TwigBundle/Exception/, falling back to error.html.twig.",architecture
What does a higher listener priority mean?,"It runs earlier<br><br>Listeners are sorted by priority in descending order, so higher priorities run first; the default priority is 0.",architecture
What is the dispatch() signature in Symfony 8 (PSR-14)?,"dispatch(object $event, ?string $eventName = null)<br><br>Symfony follows PSR-14: the event object comes first, the name is optional (defaults to the event&#x27;s class name).",architecture
Which method must an event subscriber implement?,public static function getSubscribedEvents(): array<br><br>EventSubscriberInterface defines the static getSubscribedEvents() method returning event names mapped to handlers.,architecture
What does $event->stopPropagation() do?,Prevents the remaining listeners of this event from running<br><br>It sets a flag the dispatcher checks before each listener; only the current event&#x27;s remaining listeners are skipped.,architecture
Where should business logic live according to the best practices?,"In autowired services<br><br>Controllers should be thin and delegate to services, which keeps logic reusable and testable.",architecture
What visibility should application services have by default?,"Private<br><br>Private services let the DI compiler inline and remove them, and discourage the service-locator anti-pattern.",architecture
Where do sensitive credentials belong?,"The Secrets vault<br><br>Secrets should be stored in the encrypted Secrets vault, while infrastructure config uses env vars and behaviour uses parameters.",architecture
How often does a new Symfony minor version ship?,"Every six months, in May and November<br><br>Symfony uses a fixed time-based cadence: a minor every May and November, a major every two years.",architecture
Which Symfony 8.x version is the LTS?,8.4<br><br>The last minor of each major (X.4) is the LTS; it ships alongside the next major (9.0).,architecture
What may a MINOR release NOT do?,Break backward compatibility<br><br>Minors add features and deprecations but never break BC; breaks are reserved for major releases.,architecture
What are the maintenance windows for a standard (non-LTS) release?,8 months of bug fixes and 14 months of security fixes<br><br>Standard versions get 8 months bug fixes and 14 months security fixes; LTS versions get 3 years and 4 years respectively.,architecture
When may Symfony break backward compatibility?,"Only in a major release, and only after prior deprecation<br><br>BC breaks are reserved for majors and require the affected API to have been deprecated in the previous major line.",architecture
What does the @internal marker mean for the BC promise?,"The element is excluded from the BC promise and may change at any time<br><br>@internal marks implementation details not covered by BC, even if they are PHP-public.",architecture
How should you customise a final Symfony class in a BC-safe way?,Decorate or compose it<br><br>final classes must not be subclassed; wrap them via decoration so Symfony can change internals without breaking you.,architecture
"Which function emits a Symfony deprecation notice, and from which package?","trigger_deprecation() from symfony/deprecation-contracts<br><br>symfony/deprecation-contracts provides trigger_deprecation($package, $version, $message, ...$args), which formats an E_USER_DEPRECATED notice.",architecture
When is deprecated code actually removed?,"In the next major release<br><br>Deprecations survive the whole major line and are only removed in the next major, per the BC promise.",architecture
Which tool lets you fail the test suite when new deprecations appear?,symfony/phpunit-bridge configured via SYMFONY_DEPRECATIONS_HELPER<br><br>The PHPUnit bridge collects deprecations; SYMFONY_DEPRECATIONS_HELPER (e.g. max[total]=0) can make the suite fail on any deprecation.,architecture
What is the argument order of trigger_deprecation()?,"package, version, message, ...args<br><br>The signature is trigger_deprecation(string $package, string $version, string $message, mixed ...$args) with sprintf-style formatting.",architecture
Where do you place a template that overrides a bundle template?,"templates/bundles/<BundleName>/path.html.twig<br><br>Twig resolves overrides from templates/bundles/&lt;BundleName&gt;/, which takes precedence over the bundle&#x27;s own templates.",architecture
What is the current mechanism to override an inherited bundle resource?,"Per-resource overriding of templates, services, translations and config<br><br>Bundle inheritance via getParent() was deprecated in 4.4 and removed in 5.0; modern Symfony overrides each resource type individually.",architecture
How do you augment a bundle service without replacing it?,"Decorate it with #[AsDecorator] / the decorates: key<br><br>Decoration wraps the original service (injected as .inner), letting you add behaviour and delegate.",architecture
In which months do Symfony minor releases ship?,May and November<br><br>The cadence is fixed: a new minor every May and every November.,architecture
When does 8.4 (LTS) release relative to 9.0?,At the same time (both November 2027)<br><br>The LTS (X.4) always ships together with the next major (X+1).0.,architecture
How often is a new major (and its LTS) released?,"Every two years<br><br>Majors, and the accompanying LTS, come every two years.",architecture
Which PSR does Symfony's EventDispatcher implement?,PSR-14 (Event Dispatcher)<br><br>Symfony&#x27;s EventDispatcherInterface extends the PSR-14 Psr\\EventDispatcher\\EventDispatcherInterface.,architecture
Is HttpFoundation's Request a PSR-7 message?,No — a psr-http-message bridge converts between them<br><br>HttpFoundation predates and differs from PSR-7; the psr-http-message bridge converts between HttpFoundation and PSR-7/15/17.,architecture
Which PSR interface does Symfony's service container implement?,PSR-11 (Container)<br><br>Symfony&#x27;s ContainerInterface extends Psr\\Container\\ContainerInterface (PSR-11).,architecture
Which PSR does Symfony primarily consume (rather than implement) so you can inject any implementation?,"PSR-3 (Logger) via Psr\Log\LoggerInterface<br><br>Components type-hint Psr\\Log\\LoggerInterface (PSR-3), so any compliant logger can be injected. PSR-11, PSR-14, PSR-6 and PSR-20 are implemented by Symfony.",architecture
How are application service IDs written in modern Symfony?,As the fully-qualified class name (FQCN)<br><br>The service id is the FQCN; autowiring matches type-hints to these ids.,architecture
What naming case do environment variables use?,"UPPER_SNAKE_CASE, usually with an APP_ prefix<br><br>Env vars use upper snake case (APP_ENV, APP_DEBUG) and are read in config via processors such as %env(int:APP_PAGE_SIZE)%.",architecture
Which is a correctly named route?,"invoice_show<br><br>Route names use snake_case, conventionally entity_action.",architecture
How is an abstract class conventionally named?,"With an Abstract prefix, e.g. AbstractController<br><br>Abstract classes take the Abstract prefix; interfaces use the Interface suffix and traits use the Trait suffix.",architecture
Which command runs when you execute `php bin/console` with no arguments?,"list<br><br>The Application&#x27;s default command is `list`, which prints all available commands grouped by namespace.",console
"Which command is provided by an optional bundle (MakerBundle), not by Symfony core?","make:command<br><br>`make:*` generators ship with the optional symfony/maker-bundle dev dependency; `cache:clear`, `debug:router` and `about` are core/framework.",console
How does `bin/console` obtain the console Application in Symfony 8?,It returns a closure that the Runtime component executes to build the kernel and Application<br><br>bin/console requires vendor/autoload_runtime.php and returns a closure; the Runtime component runs it to build the Kernel and FrameworkBundle Application.,console
What does `php bin/console ca:cl` do when the abbreviation is unambiguous?,Runs cache:clear via command-name abbreviation<br><br>Application::find() resolves unambiguous abbreviations to the full command name.,console
What integer value does `Command::INVALID` represent?,"2<br><br>The return constants are SUCCESS=0, FAILURE=1, INVALID=2.",console
"In Symfony 8, what does an invokable command class require?","The #[AsCommand] attribute and an __invoke() method returning int<br><br>Invokable commands only need #[AsCommand] plus an __invoke() method; they do not extend Command, though they still use its SUCCESS/FAILURE constants.",console
How is a command normally registered in the service container?,Autoconfiguration tags #[AsCommand]/Command subclasses with 'console.command'<br><br>Autoconfiguration applies the console.command tag; a compiler pass builds a ContainerCommandLoader mapping name to service id for lazy loading.,console
What must a command's execute()/__invoke() return in Symfony 8?,An int exit code<br><br>The returned int becomes the process exit code; returning void is invalid.,console
What is the correct command lifecycle order?,"configure → initialize → interact → execute<br><br>configure() runs in the constructor; then run() calls initialize(), interact() (if interactive), input validation, and finally execute().",console
When is interact() called?,Only when the input is interactive<br><br>interact() is skipped for non-interactive input (e.g. -n / --no-interaction).,console
Why declare the command name in #[AsCommand] rather than only in configure()?,It lets the command loader know the name without instantiating the class (lazy loading)<br><br>The attribute exposes name/aliases at compile time so ContainerCommandLoader maps name→id and instantiates the command only when invoked.,console
A command declared with hidden: true …,Does not appear in `list` but can still be executed<br><br>The hidden flag only affects listing; the command remains runnable by name.,console
Which mode declares a valueless boolean flag option?,"InputOption::VALUE_NONE<br><br>VALUE_NONE takes no value; the option is false unless present, then true. It cannot have a default.",console
What is the integer value of InputOption::VALUE_IS_ARRAY?,"8<br><br>Option modes are VALUE_NONE=1, VALUE_REQUIRED=2, VALUE_OPTIONAL=4, VALUE_IS_ARRAY=8, VALUE_NEGATABLE=16.",console
Which statement about an IS_ARRAY argument is correct?,"There can be only one and it must be declared last<br><br>An array argument greedily consumes the remaining tokens, so only one is allowed and it must come last. It may be REQUIRED or OPTIONAL.",console
Which option mode adds a `--no-foo` counterpart to `--foo`?,"InputOption::VALUE_NEGATABLE<br><br>VALUE_NEGATABLE (16) generates the --no- twin; the value is true, false, or its default.",console
Which InputArgument mode value is OPTIONAL?,"2<br><br>Argument modes are REQUIRED=1, OPTIONAL=2, IS_ARRAY=4.",console
Which method returns the STDERR stream in a CLI command?,"ConsoleOutputInterface::getErrorOutput()<br><br>The split-stream getErrorOutput() lives on ConsoleOutputInterface, not the base OutputInterface, so check the type first.",console
Which two arguments does SymfonyStyle require?,An InputInterface and an OutputInterface<br><br>SymfonyStyle wraps both input (for prompts) and output (for styled writing).,console
What does $output->section() return?,A ConsoleSectionOutput that can be overwritten or cleared independently<br><br>Output sections are independently re-writable regions; require ConsoleOutputInterface.,console
How does a classic command obtain the QuestionHelper?,$this->getHelper('question')<br><br>Helpers are fetched by their string name from the command&#x27;s HelperSet.,console
Which question class offers a fixed list of selectable answers?,ChoiceQuestion<br><br>ChoiceQuestion presents options and supports single or multi-select.,console
What does ProgressBar::setRedrawFrequency(100) do?,Redraws the bar only every 100 steps to reduce terminal I/O<br><br>Redraw throttling avoids expensive terminal writes on every micro-step.,console
Which class moves or hides the terminal cursor?,Symfony\Component\Console\Cursor<br><br>Cursor issues ANSI escape sequences to move/hide/show the cursor and clear lines.,console
What is the dispatch order for a successful framework command?,"COMMAND then TERMINATE<br><br>ERROR fires only on a thrown Throwable; TERMINATE always fires last, after COMMAND and execution.",console
Which event lets you change the exit code regardless of outcome?,ConsoleEvents::TERMINATE<br><br>ConsoleTerminateEvent::setExitCode() runs on every command and is the last chance to alter the exit code.,console
What exit code results from ConsoleCommandEvent::disableCommand()?,"113<br><br>Disabling the command in the COMMAND event returns ConsoleCommandEvent::RETURN_CODE_DISABLED, which is 113.",console
Which interface lets a command react to OS signals such as SIGTERM?,SignalableCommandInterface<br><br>Implement getSubscribedSignals() and handleSignal(); requires the pcntl extension.,console
Which flag maps to VERBOSITY_VERY_VERBOSE?,"-vv<br><br>-v is VERBOSE, -vv is VERY_VERBOSE, -vvv is DEBUG, -q is QUIET.",console
What is the integer value of VERBOSITY_NORMAL?,"32<br><br>QUIET=16, NORMAL=32, VERBOSE=64, VERY_VERBOSE=128, DEBUG=256.",console
Where is the current verbosity level stored?,"On the OutputInterface, set by the Application from the flags<br><br>The Application parses -v/-vv/-vvv/-q and calls $output-&gt;setVerbosity(); verbosity is a property of the output.",console
A message written with VERBOSITY_VERBOSE is displayed at which levels?,"-v, -vv and -vvv<br><br>A message prints when the current level is greater than or equal to the message&#x27;s level, so VERBOSE (64) shows at -v, -vv and -vvv.",console
How is an invokable single-action controller referenced in the `_controller` attribute? (choose one),The fully-qualified class name only (Symfony calls __invoke)<br><br>For an invokable controller you reference only the class; the ControllerResolver detects the __invoke() method automatically.,controllers
Is the `Action` method suffix required for controller actions in Symfony 8?,"No — it is a legacy convention with no meaning under attribute routing<br><br>Attribute routing binds a specific method explicitly, so the Action suffix is purely historical and can be dropped.",controllers
What visibility must a controller action method have to be invoked by the kernel?,"public<br><br>The kernel invokes the controller callable externally, so the method must be public.",controllers
Which statement best defines a Symfony controller?,"Any PHP callable that returns a Response<br><br>A controller is any callable (method, invokable object, closure) the kernel runs to produce a Response; extending AbstractController is optional.",controllers
How does AbstractController obtain its helper services?,"Via a lazy service locator injected through setContainer(), driven by getSubscribedServices()<br><br>AbstractController implements ServiceSubscriberInterface; the compiler builds a per-controller locator containing only the subscribed services.",controllers
What does `$this->container` hold inside an AbstractController?,"Only the subscribed services (a restricted service locator)<br><br>The injected locator exposes exactly the services returned by getSubscribedServices(), not the whole container.",controllers
What happens if you call `$this->render()` without Twig installed?,"A clear LogicException telling you Twig is required<br><br>The twig service is subscribed with the optional &#x27;?&#x27; prefix, so the helper guards its absence with a descriptive LogicException.",controllers
"When overriding getSubscribedServices() to add a service, what must you do to keep the built-in helpers?",Spread parent::getSubscribedServices() into the returned array<br><br>Returning only your service replaces the list; merge the parent&#x27;s subscriptions so render/getUser/etc. still resolve.,controllers
Which value resolver supplies a `Request` type-hinted controller argument?,RequestValueResolver<br><br>RequestValueResolver (priority 120) injects the current Request; RequestAttributeValueResolver handles named route parameters.,controllers
In which parameter bag do matched route parameters appear?,$request->attributes<br><br>The router writes matched parameters into the attributes bag; query is GET data and request is the POST body.,controllers
How should a service (not a controller) access the current Request?,Inject RequestStack and call getCurrentRequest()<br><br>The Request is request-scoped and cannot be injected directly; inject the RequestStack service instead.,controllers
What must a controller ultimately produce?,"A Response object (or a value converted to one by a kernel.view listener)<br><br>If a controller returns a non-Response, the kernel fires ViewEvent; if no listener produces a Response a LogicException is thrown.",controllers
When does a StreamedResponse produce its body?,"During send(), by invoking its callback<br><br>The callback runs at send time and streams output; you cannot change headers once streaming has begun.",controllers
Which response class best serves a resumable (range-request) file download?,BinaryFileResponse<br><br>BinaryFileResponse supports HTTP range requests and X-Sendfile/X-Accel offloading for efficient downloads.,controllers
Where does a controller read incoming cookies from?,$request->cookies<br><br>The cookies ParameterBag wraps $_COOKIE; responses set cookies via $response-&gt;headers-&gt;setCookie().,controllers
A cookie sent with SameSite=None also requires which attribute?,Secure=true<br><br>Modern browsers reject SameSite=None cookies unless they are marked Secure (HTTPS-only).,controllers
Why might clearCookie('token') fail to delete the cookie?,The path/domain do not match those used when the cookie was set<br><br>Deletion sends an expired Set-Cookie scoped by path/domain; a mismatch targets a different cookie and leaves the original intact.,controllers
What is the recommended way for a service to access the session?,Inject RequestStack and call getSession()<br><br>The session is request-scoped; RequestStack::getSession() is the stable entry point in services.,controllers
When does a lazy Symfony session actually start (session_start + Set-Cookie)?,"Only when the session is first read or written<br><br>Lazy sessions avoid emitting a session cookie for requests that never touch the session, preserving cacheability.",controllers
Which method regenerates the session id after login to prevent session fixation?,migrate()<br><br>migrate() issues a new session id while keeping data; invalidate() also wipes data. Symfony authenticators call migrate() on login.,controllers
What is a caching side effect of touching the session on a public page?,"A Set-Cookie header makes the response uncacheable by shared proxies<br><br>Shared caches must not store responses carrying a per-user Set-Cookie, so touching the session prevents shared caching.",controllers
What happens the first time you read a flash message (get/all or app.flashes)?,It is returned and removed (consumed)<br><br>Reading consumes flashes; use peek()/peekAll() to read without removing them.,controllers
"`$this->addFlash('notice', 'Saved')` is shorthand for which call?","getSession()->getFlashBag()->add('notice', 'Saved')<br><br>addFlash() is an AbstractController convenience over the session flash bag.",controllers
Why are flash messages typically paired with a redirect?,"They display on the next (GET) request, matching the Post/Redirect/Get pattern<br><br>Flashes are built to survive exactly one redirect and be shown on the following request, then discarded.",controllers
What is the default HTTP status code of redirectToRoute()?,302<br><br>RedirectResponse defaults to 302 Found; pass a status argument to change it.,controllers
Which redirect status codes preserve the original HTTP method and body?,307 and 308<br><br>307/308 must not change the request method; 303 always forces GET and 301/302 may downgrade to GET.,controllers
What is the difference between redirect() and redirectToRoute()?,redirect() takes a URL; redirectToRoute() takes a route name and parameters<br><br>redirect() is URL-based; redirectToRoute() builds the URL from the router. Both return a RedirectResponse (default 302).,controllers
What does AbstractController::forward() do?,"Runs another controller in a sub-request and returns its Response, without a new client request<br><br>forward() dispatches a sub-request through the kernel; the browser URL does not change and no 3xx is sent.",controllers
"During a forwarded sub-request, what does Request::isMainRequest() return?","false<br><br>The sub-request is dispatched with HttpKernelInterface::SUB_REQUEST, so isMainRequest() is false and some listeners (e.g. the firewall) skip.",controllers
"After a forward(), what does the user's address bar show?","The original URL, unchanged<br><br>Forwarding is server-internal within the same request, so no new client navigation occurs.",controllers
How do you correctly produce a 404 from a controller?,throw $this->createNotFoundException()<br><br>createNotFoundException() returns a NotFoundHttpException you must throw; the kernel then renders the error page.,controllers
A controller throws a plain \RuntimeException. What status code results?,500<br><br>Only exceptions implementing HttpExceptionInterface set a specific status; any other exception becomes a 500.,controllers
Where do you place a custom production 404 template?,templates/bundles/TwigBundle/Exception/error404.html.twig<br><br>The Twig error renderer looks up per-status templates in that path in the prod environment.,controllers
Which kernel event lets a listener turn an exception into a Response?,kernel.exception (ExceptionEvent)<br><br>ExceptionEvent listeners can call setResponse(); otherwise the error controller renders the page.,controllers
Which value should you trust to determine an uploaded file's real type?,getMimeType() (content-detected by the guesser)<br><br>Client-supplied name/MIME are spoofable; getMimeType()/guessExtension() inspect the actual file content.,controllers
What does UploadedFile::move() do when it fails?,Throws a FileException<br><br>move() throws FileException on failure rather than returning a status value.,controllers
"With #[MapUploadedFile] and a failing File constraint, what happens?","An HTTP exception is thrown before the action body runs<br><br>The resolver validates the upload and aborts with an HTTP error when a constraint fails, so the body never executes with invalid input.",controllers
Which built-in controller renders a Twig template purely from route config?,"TemplateController<br><br>TemplateController::__invoke() renders the &#x27;template&#x27; default and can set HTTP cache headers, needing no custom class.",controllers
RedirectController configured with permanent: true returns which status?,301 (or 308 when keepRequestMethod is true)<br><br>permanent selects the permanent status code; combined with keepRequestMethod it becomes 308 to preserve the method.,controllers
What status does RedirectController return when the target route/path is empty?,"410 Gone<br><br>An empty target signals the resource is permanently gone, so the controller responds 410.",controllers
Which interface does a custom value resolver implement in Symfony 8?,"ValueResolverInterface (resolve(Request, ArgumentMetadata): iterable)<br><br>The split supports()/resolve() interface was removed; resolve() now returns an iterable and yielding nothing declines the argument.",controllers
How does a value resolver signal that it does not handle an argument?,It yields nothing (returns an empty iterable)<br><br>Yielding no value passes the argument to the next resolver in priority order.,controllers
Which resolvers have the highest default priority (120) in Symfony 8?,"RequestValueResolver and SessionValueResolver<br><br>Request and Session resolvers run first at priority 120; the attribute, enum, uid and datetime resolvers sit at 100.",controllers
A #[MapRequestPayload] argument fails validation. Which status is thrown?,422 Unprocessable Entity (400 if the body itself is malformed)<br><br>RequestPayloadValueResolver deserializes then validates; validation errors throw UnprocessableEntityHttpException (422).,controllers
How do the #[MapRequestPayload]/#[MapQueryParameter] resolvers get activated?,They are targeted resolvers that run only when their attribute is present on the argument<br><br>These resolvers carry the controller.targeted_value_resolver tag and are invoked only for arguments bearing the matching attribute.,controllers
What binds a single typed query parameter such as ?page=2 to an int argument?,#[MapQueryParameter]<br><br>#[MapQueryParameter] binds one query value with casting; #[MapQueryString] maps the whole query string into a DTO.,controllers
Why are Symfony services private by default?,"So the compiler can inline/remove them and to enforce proper dependency injection<br><br>Private services can be inlined into their single consumer and pruned when unreferenced, shrinking the compiled container, and it discourages the service-locator anti-pattern of pulling from the container.",dependency-injection
Calling $container->get() on a private service id results in what?,A ServiceNotFoundException<br><br>Private services are not fetchable by id from the public container; they may only be injected. Fetching one throws ServiceNotFoundException.,dependency-injection
What is written to var/cache/prod/ after compilation?,"A dumped, optimised PHP container class produced by PhpDumper<br><br>PhpDumper writes a compiled PHP class with a method per service; the runtime uses it directly, never the ContainerBuilder.",dependency-injection
"Which objects exist only at build time, not at runtime? (choose one)","Definition, Reference, Alias and Parameter metadata objects<br><br>Definition/Reference/Alias/Parameter are build-time recipes held by the ContainerBuilder; the runtime container holds instances.",dependency-injection
How should you access the current request inside a service?,"Inject RequestStack and call getCurrentRequest()<br><br>The Request is per-cycle and can change across sub-requests, so it is not injectable directly. Inject RequestStack and read the current request.",dependency-injection
Which command lists what a given type-hint autowires to?,debug:autowiring<br><br>debug:autowiring shows the types you can type-hint and which service each resolves to; debug:container inspects a definition by id.,dependency-injection
"By default, debug:container hides which services?",Private services (shown only with --show-private)<br><br>debug:container lists public services and aliases; add --show-private to include private ones.,dependency-injection
When is %env(DATABASE_URL)% resolved?,"At runtime, via an env-var processor<br><br>Env placeholders resolve at runtime so a single compiled container works across environments; parameters (%x%) are frozen at compile time.",dependency-injection
What does the expression %env(int:MAX)% produce?,The value of MAX cast to an integer<br><br>The int: processor casts the raw env string to an integer. Processors chain right-to-left.,dependency-injection
Which attribute injects the container parameter app.name into a constructor argument?,"#[Autowire(param: 'app.name')]<br><br>param: names a container parameter; a bare string without %% is a literal, and env: reads an environment variable.",dependency-injection
How do you write a literal percent sign inside a parameter value?,Double it: %%<br><br>A doubled percent escapes to a single literal % so it is not treated as a parameter reference.,dependency-injection
"Using the App\: resource glob, what is a service's id?",Its fully-qualified class name (FQCN)<br><br>PSR-4 auto-registration creates one definition per class using the FQCN as the service id.,dependency-injection
What does autoconfigure: true do (as opposed to autowire)?,Applies tags/flags based on implemented interfaces and attributes<br><br>Autoconfigure adds tags automatically (e.g. event subscriber); autowire is the separate flag that fills arguments by type.,dependency-injection
How do you make an interface type-hint resolve to a concrete class?,"Define an alias, e.g. Interface: '@Class'<br><br>An alias from the interface id to the concrete service lets autowiring resolve the interface type-hint.",dependency-injection
"In a decorator definition, what does @.inner reference?","The original (decorated) service, renamed by the compiler<br><br>DecoratorServicePass renames the decorated service and exposes it as .inner so the decorator can delegate to it.",dependency-injection
Which attribute injects the decorated (inner) service into a decorator?,#[AutowireDecorated]<br><br>#[AsDecorator] declares the decoration; #[AutowireDecorated] resolves the parameter to the .inner service.,dependency-injection
"With two decorators on one id, a higher decoration_priority means the decorator is...","Applied first and sits closer to the original (innermost)<br><br>Higher priority decorators are applied first and end up innermost; consumers receive the lowest-priority, outermost decorator.",dependency-injection
decoration_on_invalid: ignore does what when the decorated service is missing?,Removes the decorator entirely<br><br>ignore drops the decorator; null would inject null; exception (the default) throws when the target is absent.,dependency-injection
What does a tagged_locator argument inject?,"A lazy ServiceLocator keyed by an index<br><br>tagged_locator injects a ServiceLocator that instantiates services on demand, keyed by the configured index; tagged_iterator yields instances.",dependency-injection
A higher priority on a tag places the service where in the tagged iterator?,"Earlier (tagged collections are sorted by descending priority)<br><br>Tagged services are ordered by descending priority, so higher priority comes first.",dependency-injection
How can every implementation of an interface receive a tag automatically?,Use #[AutoconfigureTag] on the interface or _instanceof in YAML<br><br>Autoconfiguration maps an interface to a tag so all implementers are tagged without manual annotation.,dependency-injection
Which class validates and defaults a bundle's configuration schema?,"Configuration, via a TreeBuilder<br><br>Configuration defines allowed keys, types, defaults and validation; Extension::load() only consumes the processed result.",dependency-injection
When does prepend() run relative to the extensions' load() calls?,Before all load() calls<br><br>Prepend runs first so a bundle can inject default configuration into other bundles before they load.,dependency-injection
Which command prints a bundle's configuration reference tree?,config:dump-reference<br><br>config:dump-reference dumps the schema defined by Configuration; debug:config shows the currently resolved values.,dependency-injection
"For a factory-built service, where are its arguments passed?","To the factory method<br><br>With a factory, the container calls the factory and passes the definition&#x27;s arguments to it, not to a constructor.",dependency-injection
How do you configure a factory produced value via attributes?,"#[Autowire(factory: [Factory::class, 'create'])]<br><br>There is no dedicated #[Factory] attribute; factories are configured with #[Autowire(factory:)] or in YAML/PHP config.",dependency-injection
How is an instance-method factory referenced in YAML?,"factory: ['@service_id', 'method']<br><br>An array of [reference, method] denotes a method call on a service; a static factory uses the &#x27;Class::method&#x27; string form.",dependency-injection
Which attribute registers a compiler pass? (choose one),"There is no attribute; register it via addCompilerPass() in Kernel/bundle build()<br><br>Compiler passes are registered programmatically via ContainerBuilder::addCompilerPass(), typically in Kernel::build() or a bundle&#x27;s build(). There is no core attribute for this.",dependency-injection
What is the default phase for a compiler pass registered without one?,TYPE_BEFORE_OPTIMIZATION<br><br>PassConfig runs passes in phase order; unspecified passes run in the before-optimization phase.,dependency-injection
What does ContainerBuilder::findTaggedServiceIds('t') return?,"A map of service id => array of that tag's attribute sets<br><br>It returns definitions&#x27; ids each mapped to the attributes of every occurrence of the tag, used to wire collectors at compile time.",dependency-injection
"Inside a compiler pass process() method, what should you manipulate?","Definition objects (build-time metadata)<br><br>Compilation deals only with definitions; nothing is instantiated yet, so calling get() inside a pass is wrong.",dependency-injection
What can autowiring resolve automatically?,Object dependencies identified by their type-hint<br><br>Autowiring maps a type-hint to a service; scalars and env vars must be bound explicitly with bind or #[Autowire].,dependency-injection
Two services implement one interface with no default alias. Autowiring by that interface...,"Throws an ambiguity error at compile time<br><br>Ambiguity is a hard build error; you disambiguate with a named alias, #[Target], #[Autowire(service:)] or bind.",dependency-injection
What does the #[Target('requestLogger')] attribute do?,"Selects the named autowiring alias explicitly, decoupled from the parameter name<br><br>#[Target] binds to a named autowiring alias by name, so renaming the constructor parameter does not break wiring.",dependency-injection
How does a ServiceLocator differ from injecting the whole container?,"It exposes only an explicitly declared, whitelisted set of services<br><br>A locator&#x27;s set is explicit and analysable; injecting the whole container hides dependencies and is an anti-pattern.",dependency-injection
When does a ServiceLocator instantiate the services it holds?,"Lazily, on get()<br><br>A locator defers construction until a service is actually requested, which is its main advantage over injecting all candidates.",dependency-injection
What interface does Symfony's ServiceLocator implement?,"Psr\Container\ContainerInterface (PSR-11)<br><br>ServiceLocator is a PSR-11 container exposing get() and has() over a fixed, compile-time set of services.",dependency-injection
What does ServiceSubscriberInterface::getSubscribedServices() declare?,"The set of services the subscriber may lazily use, injected as a locator<br><br>It declares a whitelist; the container injects a matching ServiceLocator so services are built only when requested.",dependency-injection
Which two methods do you typically override in an AbstractType?,"buildForm(FormBuilderInterface, array) and configureOptions(OptionsResolver)<br><br>buildForm() adds fields to the builder; configureOptions() declares the type&#x27;s options via OptionsResolver. getName() was removed; buildView() exists but is not the primary pair.",forms
A compound form with no data_class set returns what from getData()?,An associative array keyed by child field name<br><br>Without data_class the data mapper maps children into and out of an array. Set data_class to bind the form to an object instead.,forms
Where should field-adding logic live in a form type?,"In buildForm(), using the FormBuilderInterface<br><br>buildForm() receives the builder and is where -&gt;add() calls belong. configureOptions() only declares options via OptionsResolver.",forms
What is the canonical order of the controller form-handling calls?,"handleRequest(), then isSubmitted() && isValid(), then getData()<br><br>handleRequest() inspects the request and submits the form; only then are isSubmitted()/isValid() meaningful, after which getData() holds the model.",forms
"For a PATCH submission, handleRequest passes which clearMissing value?","false, enabling partial updates (absent fields keep their value)<br><br>handleRequest passes clearMissing: false for PATCH so fields missing from the payload retain their current value, enabling partial updates.",forms
Which service does FormInterface::handleRequest() delegate to under FrameworkBundle?,"HttpFoundationRequestHandler<br><br>With HttpFoundation available, the form&#x27;s request handler is HttpFoundationRequestHandler; NativeRequestHandler is the fallback when working with PHP superglobals directly.",forms
Why redirect after a successful POST (POST-redirect-GET)?,"So a browser refresh re-fetches a GET instead of re-submitting the form<br><br>Without the redirect, refreshing re-POSTs the data and duplicates side effects. Redirecting lands the browser on a safe GET.",forms
What does a form type's getParent() return?,The parent type's fully-qualified class name (a string)<br><br>getParent() returns a class string (default FormType::class). The registry resolves it into the parent chain of a ResolvedFormType.,forms
Which object bundles a type with its parent chain and applicable extensions?,"ResolvedFormType<br><br>FormRegistry produces a ResolvedFormType wrapping the type, its resolved parent, and every type extension that applies.",forms
In what order do configureOptions() run along the type hierarchy?,"Parent first, then child (child can override parent defaults)<br><br>The resolved type walks the chain top-down, so parent defaults are set before the child&#x27;s, letting the child override them.",forms
What does form_row(form.email) render?,"Label, widget, errors and help for that field<br><br>form_row composes the label, widget, errors and help via the *_row theme block. form_widget renders only the control.",forms
How is the hidden CSRF token normally emitted into the HTML?,"By form_rest, which form_end calls by default<br><br>The CSRF token is a hidden child rendered by form_rest; form_end triggers form_rest unless you pass render_rest: false.",forms
Which call renders form-level (non-field) errors?,form_errors(form)<br><br>Passing the root form view to form_errors renders errors attached to the form itself; per-field errors use form_errors(form.field).,forms
In which order does the renderer try candidate theme blocks?,Most specific (unique field id) down to least specific (form_widget)<br><br>The block-prefix hierarchy is walked from the unique per-field name down to the root form_* block; the first existing block wins.,forms
What does the built-in bootstrap_5_layout.html.twig provide?,Twig blocks producing Bootstrap-compatible markup (a theme only)<br><br>Built-in layouts are theme templates (markup only). You still load the CSS framework yourself; the Form component ships no assets.,forms
"When two global form themes define the same block, which wins?",The theme listed last in twig.form_themes<br><br>Themes in twig.form_themes are applied in order; later entries override earlier ones on a block clash.,forms
At which form event is the CSRF token validated?,"PRE_SUBMIT<br><br>CsrfValidationListener runs on PRE_SUBMIT: it pops the _token field from the raw submitted data and validates it, adding a form error on failure.",forms
What does the csrf_token_id option control?,The token intention/namespace used to generate and validate it<br><br>csrf_token_id is the intention string. csrf_field_name sets the HTML field name (default _token); csrf_protection toggles the feature.,forms
Stateless CSRF (Symfony 7.2+/8) primarily removes the need for what?,"A server-side session to store the token<br><br>With framework.csrf_protection.stateless_token_ids, the SameOriginCsrfTokenManager validates via a double-submit cookie plus origin checks, so no token is stored in the session.",forms
How do you read the value of an unmapped FileType field?,"$form->get('field')->getData()<br><br>mapped =&gt; false excludes the field from the data mapper, so it is not written to the model; you fetch it directly from the child form.",forms
Which UploadedFile value is safe to trust for validating file type?,getMimeType()/guessExtension() (content-based)<br><br>Client-supplied name and MIME are spoofable. Content-based guessing (used by the File/Image constraints) is authoritative.,forms
"When does form_start emit enctype=""multipart/form-data""?","When the form contains a file field<br><br>The form&#x27;s multipart view variable is set when a child (e.g. FileType) requires it, and form_start renders the enctype accordingly.",forms
Which ChoiceType options render checkboxes?,"expanded => true, multiple => true<br><br>expanded + multiple renders checkboxes; expanded + single renders radios; collapsed renders a select element.",forms
What does MoneyType's divisor option do?,"Scales the model value (e.g. 100 lets you store integer cents)<br><br>The displayed amount is divided by divisor to form the model value, so 100 lets you store amounts in cents.",forms
"For a mapped CollectionType to call the parent's adder/remover methods, set…","by_reference => false<br><br>by_reference =&gt; false forces the form to call add/remove methods instead of mutating the returned collection in place, keeping associations in sync.",forms
Which type is out of scope here because it belongs to the Doctrine bridge?,EntityType<br><br>EntityType lives in the Doctrine bridge and is out of scope. Use ChoiceType with explicit choices for the non-Doctrine equivalent.,forms
In which direction does reverseTransform() run?,View to model (on submission)<br><br>transform() converts toward the view (display); reverseTransform() converts toward the model (submission). Reversing these is the classic trap.,forms
addModelTransformer() converts between which representations?,Model and normalized data<br><br>Model transformers bridge model&lt;-&gt;norm; view transformers bridge norm&lt;-&gt;view. Pick a model transformer when the underlying type changes.,forms
What should a transformer throw when input cannot be converted?,"TransformationFailedException<br><br>TransformationFailedException is caught by the form and turned into a field-level invalid state showing the field&#x27;s invalid_message, not a 500.",forms
"On submit, which transformers run first?","View transformers (view->norm), then model transformers (norm->model)<br><br>On submission data flows view -&gt; norm -&gt; model, so view transformers&#x27; reverseTransform runs before model transformers&#x27; reverseTransform.",forms
What is the correct order of the submit-phase form events?,"PRE_SUBMIT -> SUBMIT -> POST_SUBMIT<br><br>Submission dispatches PRE_SUBMIT (raw view data), SUBMIT (normalized), then POST_SUBMIT (bound model), in that order.",forms
What is the correct order of the set-data-phase form events?,PRE_SET_DATA -> POST_SET_DATA<br><br>Setting data (on create/populate) dispatches PRE_SET_DATA then POST_SET_DATA. There is no SET_DATA constant.,forms
"On PRE_SUBMIT, what does $event->getData() return?","The raw submitted view data (an array/string)<br><br>PRE_SUBMIT fires before transformation, so the data is the raw request values — not your object.",forms
"To add a field based on the submitted value, which event do you listen on?",PRE_SUBMIT<br><br>Fields must be added before binding. PRE_SUBMIT exposes the raw submitted value while the form is still mutable (dynamic/dependent fields).,forms
Which event does the validator form extension hook to run validation?,"POST_SUBMIT<br><br>Validation runs after data is bound to the model, via a POST_SUBMIT listener. There is no PRE_VALIDATE/POST_VALIDATE in FormEvents.",forms
Which method declares the types a form type extension applies to?,public static function getExtendedTypes(): iterable<br><br>getExtendedTypes() is static and returns an iterable of type FQCNs. It replaced the removed singular getExtendedType().,forms
"With autoconfiguration enabled, how is a type extension registered?","Automatically, via the form.type_extension tag on FormTypeExtensionInterface services<br><br>Symfony auto-tags implementers of FormTypeExtensionInterface with form.type_extension. There is no dedicated attribute for this in core.",forms
What is the effect of returning FormType::class from getExtendedTypes()?,"The extension applies to every form type (all descend from FormType)<br><br>Because all types inherit from FormType, the extension attaches to every form — powerful for global concerns but risky to overuse.",forms
Which Cache-Control value does a Symfony Response emit when you set no caching information at all?,"no-cache, private<br><br>ResponseHeaderBag::computeCacheControlValue() defaults to &quot;no-cache, private&quot; when nothing is configured. It is safe (shared caches will not store it) but gives no caching benefit — you must opt in with public/max-age.",http-caching
Which caches honour the s-maxage directive?,Shared caches only (proxies and the reverse proxy)<br><br>s-maxage sets freshness for shared caches. Browsers (private caches) ignore it and fall back to max-age / Expires.,http-caching
You call $response->setPublic() and then $response->setPrivate(). What is emitted?,"Cache-Control: private (public is removed)<br><br>public and private are mutually exclusive; setPrivate() removes the public flag, so the later call wins. You can never emit &quot;public, private&quot;.",http-caching
What does the response header 'Vary: Accept-Language' instruct a cache to do?,"Store a separate copy keyed by each distinct Accept-Language value<br><br>Vary adds the named request header(s) to the cache key, so each variant is stored and served independently. Vary:* or Vary:Cookie effectively disables shared caching.",http-caching
What does the Cache-Control directive 'no-cache' mean?,The response may be stored but must be revalidated before every reuse<br><br>no-cache permits storage but forces revalidation on each reuse. The directive that forbids storing at all is no-store.,http-caching
"Besides setting s-maxage, what side effect does $response->setSharedMaxAge(600) have?","It marks the response public<br><br>A shared TTL is meaningless on a private response, so setSharedMaxAge() sets the public flag as well.",http-caching
"For a shared cache, which freshness source takes precedence?","s-maxage, then max-age, then Expires<br><br>Shared caches resolve freshness as s-maxage &gt; max-age &gt; Expires. A private cache starts at max-age since it ignores s-maxage.",http-caching
How do you emit a must-revalidate directive from a Response object?,$response->setCache(['must_revalidate' => true])<br><br>There is no dedicated setter; Response::mustRevalidate() is a getter returning bool. Use setCache([&#x27;must_revalidate&#x27; =&gt; true]) or #[Cache(mustRevalidate: true)].,http-caching
Which #[Cache] options accept a relative date string like '1 hour' as well as an integer?,"maxage, smaxage, staleWhileRevalidate, staleIfError<br><br>Those numeric-duration options accept an int (seconds) or a relative date string parsed via DateTimeImmutable. expires is a date string.",http-caching
"When Response::isNotModified() returns true, what has it done to the response?","Set the status to 304 and removed the body and content headers<br><br>isNotModified() mutates the response in place (status 304, strips the body and content-related headers). You still return the response yourself.",http-caching
A request carries both If-None-Match and If-Modified-Since. Which one decides the 304?,The ETag (If-None-Match) takes precedence<br><br>When an ETag is supplied it governs the comparison; Last-Modified alone only decides when no ETag is present.,http-caching
"Using #[Cache(etag: 'post.getContent()')], what value is actually sent as the ETag?","The SHA-256 hash of the evaluated expression<br><br>CacheAttributeListener evaluates the expression on kernel.controller_arguments and SHA-256-hashes the result before using it as the ETag, so it can point at large content safely.",http-caching
How do you produce a weak ETag with the Response API?,"$response->setEtag('abc', weak: true)<br><br>The second boolean argument to setEtag() prefixes the value with W/. Conditional GET uses weak comparison regardless.",http-caching
"With #[Cache(lastModified: 'post.getUpdatedAt()')], when can a 304 be returned?","Before the controller body runs, during kernel.controller_arguments<br><br>CacheAttributeListener evaluates the expression on CONTROLLER_ARGUMENTS (priority 10) and, if the request is up to date, replaces the controller so a 304 is returned without running the body.",http-caching
Which directive does a browser ignore when managing its own private cache?,"s-maxage<br><br>The browser is a private cache; it honours max-age/Expires and ignores s-maxage, which targets shared caches.",http-caching
A normal browser reload (not hard reload) typically sends which request directive?,"Cache-Control: max-age=0 (revalidate)<br><br>A reload asks caches to revalidate via max-age=0 (a 304 is possible), whereas a hard reload sends no-cache to force a full refetch.",http-caching
What is the recommended header combination for a fingerprinted (content-hashed) asset?,"public, max-age=31536000, immutable<br><br>A fingerprinted URL never changes content, so cache it long-term in every cache and skip revalidation with immutable. A new build yields a new URL.",http-caching
Which request is eligible to be served from the browser cache?,"GET /page<br><br>Only safe methods (GET, HEAD) are cacheable; unsafe methods always hit the origin and may invalidate cached entries.",http-caching
What is Symfony\Component\HttpKernel\HttpCache\HttpCache?,"A reverse-proxy kernel that wraps your application kernel<br><br>HttpCache implements HttpKernelInterface and TerminableInterface and wraps the real kernel, acting as an in-PHP shared gateway cache.",http-caching
"By default, which request header makes the Symfony reverse proxy treat a request as private?","Cookie (and Authorization)<br><br>The private_headers option defaults to Authorization and Cookie; requests carrying them skip the shared cache, protecting authenticated responses.",http-caching
Which header lets you inspect whether the reverse proxy served a cache hit?,"X-Symfony-Cache<br><br>HttpCache writes a trace to the trace_header (default X-Symfony-Cache), e.g. &quot;GET /: fresh&quot;, &quot;miss&quot;, or &quot;store&quot;.",http-caching
What is the simplest way to enable the reverse proxy in Symfony 8?,Set framework.http_cache: true in configuration<br><br>framework.http_cache: true wraps the kernel automatically. The alternative is wrapping it manually in public/index.php with the FrameworkBundle HttpCache subclass.,http-caching
When does the render_esi Twig function actually emit an <esi:include> tag?,Only when a surrogate advertises ESI capability; otherwise it renders the fragment inline<br><br>The ESI renderer checks the Surrogate-Capability. Without a surrogate it falls back to inline rendering so the same template works everywhere.,http-caching
What is the primary benefit of ESI over full-page caching?,"Each fragment can be cached with its own independent lifetime<br><br>ESI caches fragments as separate entries, so a long-lived shell can coexist with short-lived or per-user fragments on one page.",http-caching
Which component processes <esi:include> tags?,"The reverse proxy / surrogate (Symfony HttpCache or Varnish)<br><br>ESI is a surrogate feature; the gateway cache fetches each include as a sub-request and stitches the results, caching each on its own terms.",http-caching
Why does Symfony sign _fragment URIs (UriSigner)?,To prevent attackers forging arbitrary fragment requests<br><br>Fragment URIs are signed with the application secret so only legitimately generated fragment calls are honoured by the kernel.,http-caching
Which component decides whether a request is served over HTTP/2? (choose one),The web server / reverse proxy via ALPN negotiation<br><br>Protocol negotiation happens at the TLS/web-server layer (ALPN). PHP only observes the negotiated version via $request-&gt;getProtocolVersion().,http
HTTP is best described as: (choose one),"A stateless, application-layer request/response protocol<br><br>HTTP is a stateless application-layer protocol; state is layered on with cookies/sessions, and TLS is optional (HTTPS).",http
Which Request method returns the negotiated HTTP protocol version (e.g. HTTP/2)? (choose one),getProtocolVersion()<br><br>getScheme() returns http/https; getProtocolVersion() returns the version string from SERVER_PROTOCOL.,http
A POST must be redirected while preserving its method and body. Which status code? (choose one),"307 Temporary Redirect<br><br>307 (temporary) and 308 (permanent) preserve method and body; 301/302 may switch to GET, and 303 forces GET.",http
The user is authenticated but lacks permission for a resource. Which status? (choose one),403 Forbidden<br><br>401 means unauthenticated (send WWW-Authenticate); 403 means authenticated but not authorized — re-authenticating will not help.,http
Response::HTTP_UNPROCESSABLE_ENTITY corresponds to which numeric code? (choose one),"422<br><br>The constant keeps the RFC 4918 name &#x27;Unprocessable Entity&#x27; but is code 422, the correct code for validation errors on a well-formed body.",http
A rate limit is exceeded. Which status code and companion header are correct? (choose one),429 Too Many Requests with Retry-After<br><br>429 signals rate limiting; Retry-After advertises when the client may try again.,http
Where does the Router place matched route parameters on the Request? (choose one),"$request->attributes<br><br>The attributes bag (ParameterBag) holds framework/route data such as _route, _controller and path parameters — not the query string.",http
"Which class backs $request->query, $request->request and $request->cookies? (choose one)","InputBag<br><br>query, request and cookies are InputBag (scalar-restricted); attributes is a plain ParameterBag, server is ServerBag, headers is HeaderBag.",http
Which method reads the submitted body regardless of JSON vs form content type? (choose one),$request->getPayload()<br><br>getPayload() returns an InputBag from the parsed body (decoding JSON or reading form data); getContent() returns the raw unparsed body string.,http
Which Response class streams an on-disk file and supports HTTP range requests? (choose one),BinaryFileResponse<br><br>BinaryFileResponse streams a file without buffering it in memory and supports Range requests and X-Sendfile.,http
What does Response::prepare() do? (choose one),"Makes the response compliant with the request (charset, body for HEAD/304, protocol version)<br><br>prepare() normalises the response against the incoming Request; send() (sendHeaders + sendContent) actually transmits it.",http
$response->headers is an instance of which class? (choose one),ResponseHeaderBag<br><br>ResponseHeaderBag extends HeaderBag and adds cookie management plus Cache-Control normalisation.,http
Which set contains only idempotent methods? (choose one),"GET, PUT, DELETE<br><br>GET, PUT and DELETE are idempotent (repeating yields the same state); POST and PATCH are not.",http
"By default in Symfony 8, is the _method parameter honoured? (choose one)",No — http_method_override defaults to false and must be enabled<br><br>You must enable framework.http_method_override (or call Request::enableHttpMethodParameterOverride()); it applies to POST only.,http
Which method is both safe and idempotent? (choose one),GET<br><br>GET reads with no side effects (safe) and repeats identically (idempotent); PUT is idempotent but not safe.,http
"After a successful method override, what does getRealMethod() return for a POST+_method=PUT request? (choose one)",POST<br><br>getMethod() returns the overridden verb (PUT) while getRealMethod() returns the raw transport method (POST).,http
SameSite=None is only accepted by browsers when the cookie is also: (choose one),Secure<br><br>SameSite=None requires the Secure attribute; otherwise browsers reject the cookie.,http
Which attribute prevents JavaScript from reading a cookie? (choose one),"HttpOnly<br><br>HttpOnly hides the cookie from document.cookie, mitigating XSS token theft.",http
A cookie with neither Expires nor Max-Age is: (choose one),"a session cookie deleted when the browser closes<br><br>With no lifetime attribute a cookie is a session cookie, removed when the browser session ends.",http
The Symfony Cookie object is immutable. What does Cookie::create('a')->withValue('b') require? (choose one),"Using the returned instance — with* returns a new Cookie<br><br>Cookie is immutable; every with* method returns a new instance, so the result must be captured or the change is lost.",http
Which caching model can avoid contacting the server entirely? (choose one),"Expiration (freshness)<br><br>While a copy is fresh (within max-age), the cache serves it with no request; validation always sends a conditional request.",http
The s-maxage directive applies to: (choose one),shared caches (proxies/CDN) only<br><br>s-maxage is honoured only by shared caches and overrides max-age there.,http
What does Response::isNotModified($request) do on a validator match? (choose one),"Returns true and turns the response into a bodyless 304<br><br>It compares the request&#x27;s conditional headers and, on a match, sets the status to 304 and removes the body.",http
"getPreferredLanguage(['en','de']) returns: (choose one)",the best of en/de for this client<br><br>With a whitelist it intersects the client&#x27;s ordered languages with your supported list and returns the best match.,http
What does getAcceptableContentTypes() return? (choose one),MIME types ordered by client preference<br><br>It returns raw MIME types best-first; getPreferredFormat() returns Symfony format names.,http
"In an Accept header, what does q=0 mean for an option? (choose one)",Not acceptable (rejected)<br><br>A quality value of 0 explicitly marks that media type or language as unacceptable.,http
Which response header ensures a shared cache stores one entry per representation? (choose one),"Vary<br><br>Vary lists the request headers that change the response, so caches key each variant separately.",http
What is the safe way to pick a locale from the browser's Accept-Language? (choose one),"getPreferredLanguage(['en','fr']) with a whitelist<br><br>The whitelist form guarantees a supported locale; the others may return one you do not support.",http
What sets the request locale when a route defines {_locale}? (choose one),LocaleListener calls Request::setLocale() on kernel.request<br><br>LocaleListener reads the _locale attribute and calls setLocale(); LocaleAwareListener then propagates it to LocaleAware services.,http
What does framework.enabled_locales configure? (choose one),"The whitelist of locales the application accepts and generates<br><br>enabled_locales restricts valid locales (routing _locale, translation compilation); default_locale sets the fallback.",http
When is an HttpClient request actually performed? (choose one),"Lazily, on first read of status/headers/content<br><br>request() returns a lazy ResponseInterface; the transfer completes on first access, which enables free concurrency.",http
What does ResponseInterface::getContent() do on a 500 response by default? (choose one),Throws a ServerExceptionInterface<br><br>By default getContent()/toArray() throw on 3xx/4xx/5xx; pass false (or the throw option) to read the body without throwing. getStatusCode() never throws.,http
Which type should you type-hint to autowire an HTTP client? (choose one),Symfony\Contracts\HttpClient\HttpClientInterface<br><br>Depend on the HttpClientInterface contract; the framework selects the concrete transport (curl or native).,http
Which class lets you test API integration code without any network traffic? (choose one),MockHttpClient with MockResponse<br><br>MockHttpClient returns canned MockResponse objects (or a callback) with no real HTTP requests.,http
What does MessageBusInterface::dispatch() return?,An Envelope<br><br>dispatch() always returns the (possibly stamped) Envelope. A handler&#x27;s return value is available via $envelope-&gt;last(HandledStamp::class)-&gt;getResult().,miscellaneous
"A message is routed to an async transport. During dispatch() in the web process, the handler…","does not run — SendMessageMiddleware serializes and sends it, stopping the bus<br><br>When a message is routed to a transport, SendMessageMiddleware adds a SentStamp, sends the envelope and stops the pipeline; a worker handles it later.",miscellaneous
DelayStamp(5000) delays delivery by how long?,"5000 milliseconds (5 seconds)<br><br>DelayStamp is expressed in milliseconds, so 5000 means 5 seconds.",miscellaneous
"After a message exhausts its configured retries, where does it go?","To the configured failure transport<br><br>Once max_retries is reached the envelope is sent to the failure_transport, where messenger:failed:show/retry can inspect and requeue it.",miscellaneous
"Which middleware locates and invokes the handler(s), adding a HandledStamp?","HandleMessageMiddleware<br><br>HandleMessageMiddleware resolves handlers for the message type, calls them, and records each result in a HandledStamp.",miscellaneous
How do you make a failing handler skip retries and go straight to the failure transport?,"Throw UnrecoverableMessageHandlingException<br><br>UnrecoverableMessageHandlingException marks the failure as non-retryable, so the worker sends the message to the failure transport immediately.",miscellaneous
Which attribute marks a service as a message handler in Symfony 8?,#[AsMessageHandler]<br><br>Symfony\Component\Messenger\Attribute\AsMessageHandler registers an invokable service (or a specific method) as a handler for its typed message argument.,miscellaneous
What is the purpose of DispatchAfterCurrentBusStamp?,"Defer delivery of a message dispatched inside a handler until the current handling finishes successfully<br><br>It prevents dispatching side-effect messages (e.g. a confirmation email) before the surrounding work commits, so a failure/rollback cancels them.",miscellaneous
How do you retrieve a synchronous handler's return value after MessageBusInterface::dispatch()?,$envelope->last(HandledStamp::class)->getResult()<br><br>dispatch() returns an Envelope. For a single sync handler you read its result via the HandledStamp: $envelope-&gt;last(HandledStamp::class)-&gt;getResult(). Use HandleTrait to unwrap it in a query bus.,miscellaneous
What information does a RedeliveryStamp carry on a retried message?,"The current retry count (and timing), so the retry strategy knows how many attempts have happened<br><br>RedeliveryStamp records the retry count (and redelivery timestamp). The worker reads it to compare against max_retries and to compute the next delay via the retry strategy.",miscellaneous
"Inside a custom middleware, how do you pass the envelope on to the rest of the stack?","return $stack->next()->handle($envelope, $stack);<br><br>A MiddlewareInterface::handle() implementation calls $stack-&gt;next()-&gt;handle($envelope, $stack) to invoke the next middleware. Code before that call runs on the way in; code after it runs on the way out.",miscellaneous
"Which built-in transport handles a message immediately in the same process, without a queue?","The sync transport (DSN sync://)<br><br>sync:// processes the message synchronously during dispatch. in-memory:// keeps messages in memory for tests, while doctrine/amqp/redis are real asynchronous transports consumed by a worker.",miscellaneous
"In framework.messenger.routing, mapping App\Message\SmsNotification to 'async' means…",SendMessageMiddleware sends that message class to the 'async' transport instead of handling it in-process<br><br>routing maps a message class (or interface/parent) to one or more transport names. A routed message is serialized and sent to that transport rather than handled synchronously. A message with no routing entry is handled immediately.,miscellaneous
Which options let 'messenger:consume' stop a worker gracefully for zero-downtime deploys?,"--limit (max messages) and --time-limit (max seconds), optionally with memory limits<br><br>A long-running worker is stopped cleanly with --limit / --time-limit (and --memory-limit). Combined with a process manager and messenger:stop-workers, this enables graceful restarts on deploy.",miscellaneous
"Under a transport's retry_strategy, what does the 'multiplier' option control?","The factor by which the delay grows between successive retries (exponential backoff)<br><br>retry_strategy defines max_retries, delay (initial, ms), multiplier (delay is multiplied by this each attempt) and max_delay to cap it, producing exponential backoff before the failure transport is used.",miscellaneous
"Which transport is intended specifically for functional tests, asserting dispatched messages without a broker?","The in-memory transport (in-memory://), inspected via getSent()<br><br>in-memory:// keeps envelopes in memory instead of sending them, so a test can fetch the transport from the container and assert on getSent(). It is reset between tests via the messenger reset behaviour.",miscellaneous
Symfony\Contracts\Cache\CacheInterface::get() runs its callback…,"only on a cache miss, then stores and returns the value<br><br>The callback computes the value on a miss; the result is persisted and returned. It also provides probabilistic early-expiration stampede protection.",miscellaneous
Which statement about PSR-6 vs PSR-16 is correct?,"PSR-6 (pools/items) supports deferred saves and, via TagAwareAdapter, tags; PSR-16 (SimpleCache) does not<br><br>PSR-16 SimpleCache is a thin key/value API with no items, deferred saves or tags. PSR-6 uses CacheItem objects and supports tags through a TagAwareAdapter.",miscellaneous
Cache stampede protection in Symfony Cache is implemented by…,"probabilistic early expiration controlled by the $beta factor<br><br>As an item nears expiry, one request is probabilistically chosen to recompute early while others serve the cached value ($beta=INF forces it).",miscellaneous
Which adapter keeps entries only for the current process (ideal for tests)?,"ArrayAdapter<br><br>ArrayAdapter stores items in memory for the current request/process only, so nothing persists across requests — useful for deterministic tests.",miscellaneous
"In serialize(), which stage runs first?","The normalizer (object to array), then the encoder (array to string)<br><br>serialize() normalizes the object to an array/scalars, then encodes that to a string. deserialize() decodes then denormalizes.",miscellaneous
#[Groups(['read'])] on a property takes effect when…,the context includes ['groups' => ['read']]<br><br>Group filtering only applies when matching groups are passed in the context; otherwise the group attribute has no effect.,miscellaneous
Which normalizer reads and writes private properties directly via reflection?,"PropertyNormalizer<br><br>PropertyNormalizer accesses object properties directly (including private), whereas ObjectNormalizer uses accessors and the constructor.",miscellaneous
"By default, what is the Serializer's circular reference limit before it throws?",1 (unless a circular reference handler or #[MaxDepth] is set)<br><br>The default circular reference limit is 1; beyond it a CircularReferenceException is thrown unless a CIRCULAR_REFERENCE_HANDLER or MaxDepth is configured.,miscellaneous
In which environment is .env.local NOT loaded?,test<br><br>.env.local is intentionally skipped in the test environment so tests run from committed defaults and stay reproducible.,miscellaneous
"What does `composer dump-env prod` produce, and what is the effect?",".env.local.php — Symfony loads it directly and skips parsing .env* files<br><br>The whole .env* cascade is compiled to a plain PHP array in .env.local.php, which Symfony loads directly, avoiding DotEnv parsing on each request.",miscellaneous
ExpressionLanguage::compile() returns what?,"A string of PHP source code<br><br>compile() transpiles an expression to PHP source you can cache/reuse, while evaluate() interprets the expression and returns its value.",miscellaneous
Which Process constructor auto-escapes each argument?,"new Process(['git', 'log', '--oneline'])<br><br>The array form escapes each element automatically. fromShellCommandline() runs a raw shell string and does not escape, risking command injection.",miscellaneous
What does Process::run() return?,The integer exit code<br><br>run() blocks until completion and returns the exit code; use getOutput() for stdout and mustRun() to throw a ProcessFailedException on failure.,miscellaneous
What is the default Process timeout?,60 seconds<br><br>The default timeout is 60 seconds; pass null to setTimeout() to disable it. Exceeding it throws a ProcessTimedOutException.,miscellaneous
LockInterface::acquire() called with no argument is…,non-blocking — it returns false immediately if the lock is held<br><br>acquire() defaults to non-blocking; pass true to block until the resource becomes available (store permitting).,miscellaneous
Which lock store provides mutual exclusion across multiple servers?,RedisStore<br><br>Flock and Semaphore stores are local to one machine. Shared stores like Redis (or a database store) coordinate locks across servers.,miscellaneous
Why call refresh() during a long critical section?,To extend the lock's TTL so it is not considered expired mid-job<br><br>Locks have a TTL to avoid deadlocks after crashes. refresh() prolongs it so a still-working owner keeps exclusivity.,miscellaneous
"With Messenger routing configured for emails, MailerInterface::send() will…","dispatch a SendEmailMessage to be delivered by a worker<br><br>When SendEmailMessage is routed to a transport, send() enqueues it; a worker delivers it later, giving async sending plus retries.",miscellaneous
Which class renders Twig templates into an email body?,Symfony\Bridge\Twig\Mime\TemplatedEmail<br><br>TemplatedEmail (in the Twig bridge) carries htmlTemplate()/textTemplate() and context(); a body renderer turns them into MIME parts before sending.,miscellaneous
How is an inline (embedded) image referenced from an email's HTML body?,"Via a cid: reference produced by embed()/embedFromPath()<br><br>embed()/embedFromPath() add a DataPart addressed with cid:&lt;name&gt;, which the HTML body references (e.g. &lt;img src=&quot;cid:logo&quot;&gt;).",miscellaneous
What does public/index.php return under the Runtime component?,"A callable that produces the application object (e.g. a Kernel)<br><br>index.php returns a callable; autoload_runtime.php resolves its arguments, invokes it, then a RunnerInterface handles/sends/terminates.",miscellaneous
Which environment variable selects the runtime class?,"APP_RUNTIME<br><br>APP_RUNTIME (or composer.json extra.runtime.class) chooses the RuntimeInterface implementation; the default is SymfonyRuntime, which extends GenericRuntime.",miscellaneous
ClockInterface::now() returns what type?,A \DateTimeImmutable (a DatePoint)<br><br>now() returns an immutable DatePoint (a \\DateTimeImmutable subclass). Tests swap the NativeClock for a MockClock to freeze or advance time.,miscellaneous
Which object does VarDumper's VarCloner produce before rendering?,"A Data object<br><br>The cloner captures the variable into an immutable, depth-limited Data object, which a CliDumper or HtmlDumper then renders — separating capture from output.",miscellaneous
An uncaught exception that does NOT implement HttpExceptionInterface produces which status code?,500<br><br>Only HttpExceptionInterface carries a custom status code; any other throwable defaults to HTTP 500 via the error controller.,miscellaneous
When does the Web Profiler collect data for a request?,"On kernel.response, with late collectors running at kernel.terminate<br><br>Profiler::collect() runs on kernel.response, invoking each DataCollector; LateDataCollectorInterface::lateCollect() runs later at terminate.",miscellaneous
Which mechanism does Symfony 8 use for translation pluralization?,"ICU MessageFormat, e.g. {count, plural, one {…} other {# …}}<br><br>ICU MessageFormat handles plural/select rules with locale-aware categories (one/few/many/other); the old pipe syntax is legacy.",miscellaneous
What makes Filesystem::dumpFile() safe against partial reads?,"It writes to a temporary file then atomically renames it into place<br><br>dumpFile() writes to a temp file and renames it, so a reader always sees either the old content or the complete new content, never a half-written file.",miscellaneous
Which Finder method defines the directories to search?,in()<br><br>Finder::in() sets the search directories; without it the Finder throws. It yields Symfony SplFileInfo objects with helpers like getRelativePathname().,miscellaneous
What does the backed-enum method `Suit::tryFrom('X')` return when 'X' is not a valid case?,null<br><br>tryFrom() returns null for an unknown value; only from() throws a \ValueError. This distinction is a frequent exam trap.,php-web-security
Which statement about the `match` expression is correct?,"It compares with === and throws \UnhandledMatchError when nothing matches and there is no default<br><br>match is strict (===), returns a value, has no fall-through, and errors with \UnhandledMatchError when unmatched without a default arm.",php-web-security
"In PHP 8.4, what does `public private(set) int $n;` mean?","n can be read from anywhere but written only inside the class<br><br>Asymmetric visibility (8.4) sets a stricter write scope than read scope; public read, private write.",php-web-security
Which is a syntactically valid DNF type declaration?,(Countable&Traversable)|null<br><br>Disjunctive Normal Form requires each intersection group to be parenthesised and then OR-ed together.,php-web-security
What does `json_validate($string)` return?,"A bool indicating whether the string is valid JSON<br><br>json_validate() (8.3) only reports validity as a bool, using less memory than json_decode() for large payloads.",php-web-security
"Inside a parent factory method, how do `new static()` and `new self()` differ?","static respects the called subclass (late static binding); self is fixed to the defining class<br><br>Late static binding makes static:: resolve to the runtime class, so new static() returns a subclass instance where new self() would not.",php-web-security
"After `$b = clone $a;` where `$a->list` is an object, what is `$b->list`?",The same object as $a->list unless __clone() copies it<br><br>clone performs a shallow copy; object-typed properties remain shared until __clone() deep-copies them.,php-web-security
When is the magic method `__get()` invoked?,Only when reading an inaccessible or undefined property<br><br>__get() fires only for inaccessible/undefined properties; accessible ones are read directly and isset() uses __isset().,php-web-security
Which cannot be used as a promoted constructor parameter?,"private callable $fn<br><br>callable is not a valid property type, so it cannot be a promoted property.",php-web-security
"Inside `namespace App;`, an unqualified function call `count($x)` resolves to…","App\count if it exists, otherwise the global \count<br><br>Function and constant calls fall back to the global namespace; class names do not.",php-web-security
What does the statement `use App\Service\Mailer;` do?,Creates a compile-time alias so `Mailer` refers to the FQCN<br><br>use is a compile-time alias only; the file is loaded later by the autoloader when the class is first used.,php-web-security
"Under PSR-4 rule `""App\\"": ""src/""`, where does `App\Foo\Bar` live?","src/Foo/Bar.php<br><br>The prefix App\\ maps to src/, so only the remaining segments form the path; PSR-4 is case-sensitive on Linux.",php-web-security
"Inside `namespace App;`, which correctly references the global DateTimeImmutable class?","new \DateTimeImmutable()<br><br>Class names do not fall back to the global namespace, so a leading backslash or a use import is required.",php-web-security
A child overrides a method whose parent return type is `Animal`. Which return type is legal?,"Cat, a subclass of Animal (covariant return)<br><br>Return types are covariant, so a child may return a more specific type but never a wider one.",php-web-security
Intersection types such as `A&B` may combine…,Only class or interface types<br><br>Intersection types require object (class/interface) types; scalars are not permitted.,php-web-security
What does `'text' instanceof SomeClass` evaluate to?,false<br><br>instanceof on a non-object simply returns false; it does not throw.,php-web-security
Can a single class implement two interfaces that declare the same method signature?,"Yes, one compatible implementation satisfies both<br><br>Identical/compatible signatures are not a conflict; a single method implementation fulfils both contracts.",php-web-security
When does `function () use ($x) {}` capture the value of `$x`?,"At definition time, by value<br><br>use captures by value at the moment the closure is defined; prefix with &amp; to capture by reference instead.",php-web-security
Which statement about arrow functions (fn) is true?,They auto-capture the enclosing scope by value<br><br>Arrow functions auto-capture by value and consist of a single expression; they have no use list and cannot capture by reference.,php-web-security
"What does `Closure::bind($c, $obj, Foo::class)` return?",A new closure bound to $obj with Foo's scope<br><br>Closure::bind is static and returns a new closure; the scope argument grants access to Foo&#x27;s private/protected members.,php-web-security
What does the expression `trim(...)` produce?,A Closure wrapping the trim function<br><br>First-class callable syntax (8.1+) creates a Closure from any callable.,php-web-security
A concrete class inherits an abstract method but does not implement it. What happens?,Fatal error unless the class itself is declared abstract<br><br>Any unimplemented abstract method forces the class to be abstract too.,php-web-security
Which feature can an abstract class have that an interface cannot?,Properties and a constructor<br><br>Abstract classes can hold state and a constructor; interfaces are pure contracts (constants only).,php-web-security
How many abstract classes can a class extend?,Exactly one<br><br>PHP has single class inheritance; interfaces provide multiple type inheritance.,php-web-security
"A class, its parent, and a used trait all define `run()`. Which implementation is used?",The class's own run()<br><br>Precedence is class method &gt; trait method &gt; inherited parent method.,php-web-security
Two used traits define the same method and you add no resolution. Result?,Fatal error<br><br>Unresolved trait method conflicts are a fatal error; resolve them with insteadof and/or as.,php-web-security
"A `static` property declared in a trait, used by classes X and Y, is…","Separate per using class (X and Y have independent copies)<br><br>Static trait state is bound to each using class independently, not shared across all of them.",php-web-security
What does `LoggerTrait::log as protected writeLog;` do?,Aliases the method to writeLog with protected visibility<br><br>The as operator can rename a trait method and change its visibility at the same time.,php-web-security
Which catch clause catches BOTH a TypeError and a RuntimeException?,catch (\Throwable $e)<br><br>Throwable is the only common ancestor of both Error (TypeError) and Exception (RuntimeException).,php-web-security
A `return` inside a `finally` block…,"Overrides any return or throw from the try block<br><br>finally always runs last and a return there wins, which is why it is discouraged (it can swallow exceptions).",php-web-security
What can `set_error_handler()` intercept?,"Traditional warnings, notices and deprecations<br><br>It handles traditional (non-fatal) errors; use set_exception_handler for uncaught exceptions and shutdown functions for fatals.",php-web-security
"Under `declare(strict_types=1)`, passing a string to an int parameter throws…","TypeError (a subclass of Error)<br><br>Strict typing rejects the wrong scalar type with a TypeError, which is an Error, not an Exception.",php-web-security
Which call reliably reports whether an extension is loaded?,extension_loaded('intl')<br><br>extension_loaded() returns a boolean indicating whether the named module is loaded.,php-web-security
"For a UTF-8 string, `strlen('é')` returns…",2 (it counts bytes)<br><br>strlen counts bytes and &#x27;é&#x27; is two bytes in UTF-8; use mb_strlen for a character count.,php-web-security
What does the opcache extension cache?,Compiled PHP bytecode in shared memory<br><br>OPcache stores precompiled script bytecode to skip recompilation on each request; it is not an application data cache.,php-web-security
How do you make `composer install` fail on a host lacking the intl extension?,"Add ""ext-intl"": ""*"" to the require section<br><br>ext-* platform requirements are verified at install time and fail fast when missing.",php-web-security
Which methods must a class implement to satisfy the Iterator interface?,"current, key, next, rewind, valid<br><br>Iterator defines exactly those five methods; IteratorAggregate needs only getIterator().",php-web-security
Which statement about a generator is true?,It is a single-use Iterator that produces values lazily<br><br>Generators yield lazily and are consumed once; they cannot be rewound after being iterated.,php-web-security
Which SPL structure maps data keyed by an object instance?,SplObjectStorage<br><br>SplObjectStorage keys by object identity and can attach arbitrary data per object.,php-web-security
Enabling `$obj[$key]` array-style access on an object requires implementing…,ArrayAccess<br><br>ArrayAccess provides offsetGet/Set/Exists/Unset for bracket syntax.,php-web-security
"For SplPriorityQueue, the ordering among elements of equal priority is…",Unspecified / not stable<br><br>Equal-priority ordering in SplPriorityQueue is implementation-defined and not stable.,php-web-security
What is Twig's default defence against XSS?,Context-aware auto-escaping of output variables<br><br>Twig HTML-escapes variables by default; the |raw filter opts out and reintroduces the risk.,php-web-security
Which technique best prevents SQL injection?,"Prepared statements with bound parameters<br><br>Binding sends data separately from the SQL text, so input can never alter the query structure.",php-web-security
Session fixation is primarily mitigated by…,Regenerating the session id on login<br><br>Migrating to a new session id at authentication invalidates any attacker-planted id. Symfony does this automatically.,php-web-security
Which response header defends against clickjacking?,X-Frame-Options: DENY (or CSP frame-ancestors)<br><br>X-Frame-Options / CSP frame-ancestors forbid the page from being framed by another site.,php-web-security
What is the correct way to store user passwords?,"password_hash() with bcrypt or argon2id<br><br>Adaptive, salted hashing (bcrypt/argon2id) resists brute-force; the salt is embedded in the hash and verified with password_verify().",php-web-security
What is the fully-qualified class of the routing attribute in Symfony 8?,Symfony\Component\Routing\Attribute\Route<br><br>The routing attribute lives in the Attribute namespace since 6.4; the old Annotation\Route alias is removed in Symfony 8.,routing
Two routes can match the same request path. Which one wins?,The first one declared in the RouteCollection<br><br>The matcher iterates the collection in declaration order and returns the first route whose host and path match.,routing
"A class-level #[Route('/blog', name: 'app_blog_')] contributes what to its method routes?",A path prefix and a name prefix<br><br>Class-level route data merges as prefixes: the path is prepended and the name becomes a prefix for each action&#x27;s route.,routing
Which YAML import type loads #[Route] attributes from a directory in Symfony 8?,type: attribute<br><br>Attribute route loading uses `type: attribute`; the `annotation` type is gone in Symfony 8.,routing
A route path is /blog/{page<\d+>} and the request is /blog/latest. What happens?,"The route does not match; matching continues (likely a 404)<br><br>Requirements are compiled into the route regex, so a non-matching value means the route is skipped — it is a matching concern, not validation.",routing
Which two declarations are exactly equivalent?,{id<\d+>} and requirements: {id: '\d+'}<br><br>The inline &lt;...&gt; syntax is sugar for a matching entry in the requirements array.,routing
What is the default regex applied to a placeholder that has no requirement?,[^/]+<br><br>Placeholders match any characters except the / separator by default; use .+ to span multiple segments.,routing
How do you allow a single parameter to capture several path segments (slashes)?,"Override its requirement to .+, e.g. {path<.+>}<br><br>The default [^/]+ stops at a slash; requiring .+ lets the token match across path segments.",routing
Which placeholder is optional (matches /blog and /blog/N) with default 1 and digits only?,"{page<\d+>?1}<br><br>The inline order is {name&lt;requirement&gt;?default}: the requirement comes first, then ? and the default value.",routing
"generateUrl('blog', ['page' => 1]) where page defaults to 1 produces?","/blog<br><br>The generator omits a trailing segment whose value equals its default, yielding the canonical shortest URL.",routing
"In the path /{a}/{b}, which placeholder can be made optional?","b only, because it is the trailing placeholder<br><br>Only trailing placeholders can be optional; a gap in the middle cannot be located by the matcher.",routing
What default value does the placeholder {slug?} declare?,null<br><br>A bare ? with no value after it sets the default to null.,routing
What is the default reference type of UrlGeneratorInterface::generate() / generateUrl()?,ABSOLUTE_PATH (a root-relative path like /blog/42)<br><br>By default the generator returns a root-relative path; ABSOLUTE_URL adds the scheme and host.,routing
"generateUrl('blog_show', ['id' => 42, 'utm' => 'x']) produces what?",/blog/42?utm=x<br><br>Parameters that are not route placeholders are appended as query string arguments.,routing
"Which type defines the constants ABSOLUTE_URL, ABSOLUTE_PATH, NETWORK_PATH, RELATIVE_PATH?",Symfony\Component\Routing\Generator\UrlGeneratorInterface<br><br>The reference-type constants are declared on UrlGeneratorInterface.,routing
Why might a console command generate URLs like http://localhost/... ?,"There is no request context, and framework.router.default_uri is not set<br><br>Outside a web request the generator falls back to the RequestContext defaults; configure router.default_uri for correct absolute URLs.",routing
Which Twig function outputs an absolute URL?,url()<br><br>url() maps to ABSOLUTE_URL; path() maps to the default ABSOLUTE_PATH.,routing
A route path is /blog/. A GET request to /blog results in?,A 301 redirect to /blog/<br><br>RedirectableUrlMatcher issues a 301 to the canonical trailing-slash URL for safe (GET/HEAD) methods.,routing
A POST to /blog when the route is defined as /blog/ yields?,"405 Method Not Allowed<br><br>Redirecting a POST would alter the method, so the matcher returns 405 rather than a trailing-slash redirect.",routing
Which RedirectController action redirects to another route by name?,redirectAction (uses a 'route' default)<br><br>redirectAction targets a route name and forwards parameters; urlRedirectAction targets a literal path or URL.,routing
"In a RedirectController route config, permanent: true means which status code?",301 Moved Permanently<br><br>permanent toggles a 301; the default is a 302.,routing
Which request attribute holds the name of the matched route?,_route<br><br>The matcher injects _route (the matched name) and _route_params (the placeholder values) into the request attributes.,routing
What does the special _format parameter do when matched?,"Sets the request format, influencing the response Content-Type<br><br>RouterListener applies _format via Request::setRequestFormat(), driving content negotiation.",routing
What does #[Route(stateless: true)] primarily do?,Asserts the route must not use the session (warns in debug if it does)<br><br>It flags accidental session usage during development; important for cacheable and API endpoints.,routing
Where does the special _fragment parameter take effect?,"During URL generation, appended as #fragment<br><br>_fragment is honoured by the generator and ignored by the matcher.",routing
What is the default regex applied to a host placeholder like {sub}?,"[^.]+<br><br>Host labels are separated by dots, so a host token matches any non-dot characters by default.",routing
"During matching, when is the host constraint checked?","Before the path regex<br><br>matchCollection() tests the compiled host regex first, then the path regex.",routing
Generating a URL for a route bound to a different host produces?,"An absolute (or network) URL<br><br>A path-only URL cannot switch host, so the generator upgrades the reference type automatically.",routing
A route's condition expression evaluates to false. What is the result?,404 — the route is simply not matched<br><br>A false condition means the route does not match; matching continues and may end in a 404. It is not authorization.,routing
Which variables/functions are available inside a routing condition expression?,"context, request, env(), service()<br><br>The routing expression provider exposes the RequestContext (context), the Request (request), and the env()/service() functions.",routing
Do conditions affect URL generation with generateUrl()?,"No — conditions are matching-only<br><br>There is no request to evaluate during generation, so conditions never influence generated URLs.",routing
"To reference service('x') in a routing condition, service x must…",Be tagged routing.condition_service (e.g. via #[AsRoutingConditionService])<br><br>Only services tagged routing.condition_service are exposed to the routing expression language.,routing
A route allows only GET. A POST to that same path returns?,"405 Method Not Allowed (with an Allow header)<br><br>When the path matches but the method is not allowed, the matcher throws MethodNotAllowedException, producing a 405 with an Allow header.",routing
A route declared with methods: ['GET'] also matches which verb automatically?,"HEAD<br><br>HttpKernel handles HEAD as a bodyless GET, so GET routes also match HEAD.",routing
An http request hits a route restricted with schemes: ['https']. What happens?,It is redirected to the https URL<br><br>The redirectable matcher redirects a scheme mismatch to the correct scheme rather than rejecting it.,routing
"For a form's _method field to influence which route matches, you must…","Call Request::enableHttpMethodParameterOverride()<br><br>Method override is opt-in; once enabled, getMethod() returns the overridden verb that the matcher uses.",routing
Does Symfony guess the user's locale from the Accept-Language header by default?,"No — you must enable set_locale_from_accept_language or do it manually<br><br>Locale guessing precedence is matched _locale, then the sticky session locale, then default_locale; Accept-Language is opt-in.",routing
"A #[Route(path: ['en' => '/about', 'fr' => '/a-propos'])] produces what?","One route per locale, each carrying its _locale default<br><br>A localized path array expands at load time into one Route per locale.",routing
Matching a route that sets the _locale parameter causes what?,Request::setLocale() is called via the LocaleListener<br><br>_locale is a special parameter applied by the LocaleListener on kernel.request.,routing
How do you generate the French variant of a localized route named app_about?,"generateUrl('app_about', ['_locale' => 'fr'])<br><br>Pass the _locale special parameter to select a localized variant; omit it to reuse the current request locale.",routing
Which console command simulates matching a specific URL and explains rejections?,router:match<br><br>router:match runs a TraceableUrlMatcher against the given path and reports which routes matched or why they failed.,routing
After changing route definitions in the prod environment you must…,Rebuild the cache (cache:clear / cache:warmup)<br><br>The compiled router (url_matching_routes.php / url_generating_routes.php) is built at cache warmup and is not auto-refreshed in prod.,routing
Which files hold the compiled router in the cache directory?,url_matching_routes.php and url_generating_routes.php<br><br>The CompiledUrlMatcherDumper and CompiledUrlGeneratorDumper write these two files that the Router loads at runtime.,routing
"In Symfony 8, where are a Passport's badges validated?","By listeners on the CheckPassportEvent<br><br>authenticate() only builds the Passport. Badge resolution and credential verification happen on CheckPassportEvent (UserProviderListener, CheckCredentialsListener, CsrfProtectionListener…).",security
What is the status of enable_authenticator_manager in Symfony 8?,Removed — the authenticator system is the only one<br><br>The key existed and was deprecated in 7.x; Symfony 8 removed it entirely because the legacy authentication system is gone.,security
A stateless firewall (stateless: true) does NOT do which of these?,"Persist the token in the session via ContextListener<br><br>Stateless firewalls skip the ContextListener, so nothing is stored or restored between requests; each request re-authenticates.",security
An authenticator's supports() returns null. What does that mean?,Authenticate lazily when the token is needed<br><br>null means &#x27;unsure — call me lazily&#x27;. Many stateless authenticators use it so authentication is deferred until required.,security
Which check can pass a subject to voters?,"isGranted('EDIT', $post)<br><br>Only the isGranted()/#[IsGranted]/denyAccessUnlessGranted() path carries a subject. access_control is URL-based and cannot pass a subject.",security
A #[IsGranted] check fails for an unauthenticated user. What happens?,The entry point starts authentication (e.g. login redirect)<br><br>An AccessDeniedException for an unauthenticated user is converted to the entry point response; an authenticated-but-unauthorized user gets a 403.,security
isGranted() ultimately delegates the decision to which interface?,"AccessDecisionManagerInterface<br><br>AuthorizationChecker reads the current token from TokenStorage, then calls AccessDecisionManager::decide().",security
The password_hashers map in security.yaml is keyed by…,A user class or interface name<br><br>You map a user class (commonly PasswordAuthenticatedUserInterface) to an algorithm such as &#x27;auto&#x27;.,security
Two providers are defined and a firewall omits the provider key. Result?,Configuration error — the provider is ambiguous<br><br>With multiple providers there is no implicit default; each firewall must name its provider explicitly.,security
Why must the dev firewall (security: false) be listed first?,"Firewalls are first-match, so it must precede protecting firewalls<br><br>Firewall matching is top-to-bottom, first match wins. Listing the dev firewall first stops the profiler/assets being intercepted by login.",security
Which method loads a user by identifier in Symfony 8?,loadUserByIdentifier()<br><br>loadUserByUsername() was removed; the UserProviderInterface loader is loadUserByIdentifier().,security
When is refreshUser() called?,"On every stateful request, to re-sync the session user<br><br>The ContextListener refreshes the stored user on each request of a stateful firewall; a stateless firewall never calls it.",security
Does a user provider verify the user's password?,No — credentials are checked on CheckPassportEvent<br><br>Providers only load and refresh users. CheckCredentialsListener verifies the PasswordCredentials badge.,security
How many firewalls are active for a given request?,Exactly one — the first whose matcher matches<br><br>The FirewallMap returns the first matching FirewallContext; matching stops there.,security
What does security: false on a firewall do?,"Disables the security layer for that zone (and still counts as the match)<br><br>It turns off all security listeners for matching requests (used for the profiler and dev assets) and, being first-match, prevents later firewalls from matching.",security
Two firewalls should share a logged-in session. What do you configure?,The same context: name on both firewalls<br><br>Token sharing between firewalls requires an explicit matching context key; otherwise each firewall keeps its own token.,security
What does lazy: true achieve on a firewall?,"Authentication is deferred until the token is actually read<br><br>A lazy firewall only authenticates when the token is accessed (e.g. is_granted/getUser), so fully public pages skip auth and session loading.",security
Which methods does UserInterface declare in Symfony 8?,getRoles() and getUserIdentifier()<br><br>Symfony 8 trimmed UserInterface to two methods; eraseCredentials() and getUsername() were removed.,security
How do you keep a user's password out of the session in Symfony 8?,Override __serialize() and unset the password field<br><br>eraseCredentials() was removed in 8.0; the documented replacement is to strip sensitive data in __serialize().,security
isEqualTo() returns false when a stored user is refreshed. Effect?,"The token is invalidated — the user is logged out<br><br>A negative EquatableInterface comparison on refresh tells the framework the stored identity is stale, so the token is dropped.",security
Which password algorithm is the recommended default?,auto<br><br>&#x27;auto&#x27; selects the best available algorithm (currently bcrypt) and can adapt over time; it also enables automatic rehash on cost changes.,security
Transparent password rehash on login requires…,"Both migrate_from and a provider implementing PasswordUpgraderInterface<br><br>migrate_from lets needsRehash() detect the old hash; the PasswordUpgradeBadge triggers PasswordMigratingListener, which persists the new hash via upgradePassword().",security
Where is a login password actually verified?,In CheckCredentialsListener on CheckPassportEvent<br><br>The authenticator adds a PasswordCredentials badge; the listener verifies it against the hash using the configured hasher.,security
Which statement about the plaintext hasher is correct?,It is intended for tests only and must never be used in production<br><br>plaintext stores passwords unhashed; it exists to speed up test fixtures and is a production anti-pattern.,security
Which special attribute is broader?,"IS_AUTHENTICATED_REMEMBERED (fully-authenticated users also satisfy it)<br><br>Fully-authenticated users satisfy IS_AUTHENTICATED_REMEMBERED, but remember-me users do NOT satisfy IS_AUTHENTICATED_FULLY.",security
"In Symfony 8, how do you allow everyone (including not-logged-in) on a path?",PUBLIC_ACCESS<br><br>Anonymous tokens were removed; PUBLIC_ACCESS is the attribute that opts a path out of authentication.,security
An attribute 'EDITOR' (no ROLE_ prefix) is checked. How does RoleVoter treat it?,It is ignored — RoleVoter only handles ROLE_-prefixed attributes<br><br>RoleVoter supports only ROLE_* attributes; unprefixed strings abstain there (a custom voter could still handle them).,security
"Given role_hierarchy ROLE_ADMIN: [ROLE_USER], a user with ROLE_ADMIN…","Is also granted ROLE_USER (reachable roles are expanded)<br><br>RoleHierarchyVoter expands reachable roles, so ROLE_ADMIN transitively includes ROLE_USER. Hierarchy flows downward.",security
How many access_control rules apply to a request?,Only the first matching rule<br><br>AccessMap returns the first match and evaluation stops. Order rules from specific to general.,security
"A rule has roles: [ROLE_A, ROLE_B]. Access is granted when the user has…",Either ROLE_A or ROLE_B<br><br>Multiple roles within a single access_control rule are OR-combined.,security
No access_control rule matches the request. What happens?,Access is allowed (deferred to controller-level guards)<br><br>access_control only restricts on a matching rule; with no match there is no URL-level restriction.,security
"What does requires_channel: https do, and when?","Redirects matching paths to HTTPS before authentication runs<br><br>The ChannelListener enforces requires_channel before authentication, so even the login page is redirected to HTTPS.",security
What does an authenticator's authenticate() method return?,A Passport<br><br>authenticate() builds a Passport of badges; the token is produced later by createToken() after CheckPassportEvent resolves the badges.,security
Which passport type suits a valid-API-token flow with no password to verify?,"SelfValidatingPassport with a UserBadge<br><br>When the credential itself proves identity, use SelfValidatingPassport, which carries only a UserBadge — there is nothing further to check.",security
In which namespace does PasswordCredentials live?,"Symfony\Component\Security\Http\Authenticator\Passport\Credentials<br><br>PasswordCredentials and CustomCredentials live under Passport\\Credentials; UserBadge, CsrfTokenBadge, RememberMeBadge, PasswordUpgradeBadge and PreAuthenticatedUserBadge live under Passport\\Badge.",security
Which built-in authenticator uses a token_handler returning a UserBadge?,access_token<br><br>The access_token authenticator delegates to an AccessTokenHandlerInterface whose getUserBadgeFrom() validates the bearer token and returns a UserBadge.,security
What is the default AccessDecisionManager strategy?,affirmative<br><br>Affirmative is the default: access is granted if at least one voter returns ACCESS_GRANTED.,security
The base Voter's supports() returns false. What is the resulting vote?,ACCESS_ABSTAIN<br><br>The abstract Voter abstains for unsupported attributes/subjects; it never calls voteOnAttribute() in that case.,security
All voters abstain and allow_if_all_abstain keeps its default. Result?,"Access is denied<br><br>allow_if_all_abstain defaults to false, so if every voter abstains and no one grants, access is denied.",security
What are the integer values of the voter constants?,"ACCESS_GRANTED = 1, ACCESS_ABSTAIN = 0, ACCESS_DENIED = -1<br><br>These integer constants drive the strategy arithmetic in the AccessDecisionManager.",security
"Under the unanimous strategy, one voter denies while another grants. Outcome?",Access is denied — unanimous grants only if no voter denies<br><br>unanimous requires that no voter denies. A single ACCESS_DENIED blocks access regardless of grants (unlike affirmative).,security
"Which base class do Symfony unit tests extend for pure, kernel-free logic?",PHPUnit\Framework\TestCase<br><br>Symfony ships no unit-test base class; pure unit tests extend PHPUnit&#x27;s TestCase directly. No kernel is booted and no container is built.,testing
"In PHPUnit 11/12, how do you bind a test to a data provider?",#[DataProvider('methodName')] naming a public static method<br><br>The @dataProvider annotation is removed; use the PHPUnit\Framework\Attributes\DataProvider attribute pointing at a public static iterable-returning method.,testing
"You need only canned return values, with no verification of how a collaborator is called. Which double do you create?",A stub via $this->createStub(Foo::class)<br><br>A stub supplies return values but never asserts interactions. A mock adds verifiable expectations you do not need here.,testing
"What does assertSame(1, '1') do?","Fails, because the types differ (strict === comparison)<br><br>assertSame uses ===, so int 1 and string &#x27;1&#x27; are not the same. Use assertEquals for loose (==) comparison.",testing
Why can self::getContainer()->get() return a private service in a test?,It returns the special test container (test.service_container) that exposes private/non-shared services<br><br>The test environment (framework.test: true) compiles a TestContainer that keeps references to used private/non-shared services so tests can fetch and replace them. static::$kernel-&gt;getContainer() does not.,testing
How are WebTestCase and KernelTestCase related?,"WebTestCase extends KernelTestCase, adding the HTTP client (createClient())<br><br>WebTestCase adds the KernelBrowser client on top of the kernel-booting KernelTestCase. Use KernelTestCase when you need only the container.",testing
A private service is never injected anywhere. In the test environment it is…,Still removed — the test container only keeps services that are actually used<br><br>Unused private services are optimised away even in the test container; only used private/non-shared services remain reachable.,testing
How many times may createClient() be called within a single test?,Once — a second call throws<br><br>Only one kernel/client may be booted per test; calling createClient() again throws a LogicException.,testing
"What does $client->request('GET', '/') return?",A Symfony\Component\DomCrawler\Crawler<br><br>Navigation methods return a Crawler over the response DOM. Fetch the response object with $client-&gt;getResponse().,testing
"By default, after a controller returns a 302 redirect, the test client…","Stops on the redirect so you can assert the Location, until you call followRedirect()<br><br>Auto-follow is off by default. Use followRedirect() to follow the last redirect once, or followRedirects() to toggle auto-following.",testing
Which method keeps a service replaced via getContainer()->set() alive across multiple requests?,"$client->disableReboot()<br><br>By default the kernel reboots after each request, discarding replacements. disableReboot() preserves the container between requests.",testing
$crawler->filter('div.item') requires which component to be installed?,"symfony/css-selector<br><br>filter() converts the CSS selector to XPath via CssSelectorConverter, so the css-selector component is required. filterXPath() works without it.",testing
For which HTTP status codes does assertResponseIsSuccessful() pass?,Any 2xx status<br><br>It asserts the response is in the successful (2xx) range. Use assertResponseStatusCodeSame(n) to check an exact code.,testing
Which assertion checks that an element's text is exactly equal (not a substring)?,"assertSelectorTextSame('h1', 'Hi')<br><br>The ...Same variant requires an exact match; ...Contains checks a substring.",testing
When must $client->enableProfiler() be called?,Before the request whose profile you want to read<br><br>enableProfiler() opts the next request into profiling; calling it after the request collects nothing and getProfile() returns false.,testing
The recommended way to assert that an email was sent in a functional test is…,"assertEmailCount() / getMailerMessage() from MailerAssertionsTrait<br><br>WebTestCase provides mailer assertions backed by the mailer data collector, so you rarely touch the raw collector.",testing
What is the second argument of static::createClient()?,"An array of default server parameters (the $_SERVER bag)<br><br>createClient(array $options, array $server) — the second array models server parameters (HTTP_* headers, HTTPS, PHP_AUTH_USER, etc.).",testing
To simulate an 'Accept: application/json' request header via server parameters you set…,"'HTTP_ACCEPT' => 'application/json'<br><br>Request headers become HTTP_-prefixed server parameters. CONTENT_TYPE, HTTPS, PHP_AUTH_USER and PHP_AUTH_PW are the unprefixed exceptions.",testing
What does $client->loginUser($user) do?,"Authenticates the session with the given UserInterface, skipping the login form<br><br>loginUser() injects a security token for a real user object so you can test authorized behaviour without driving the login form.",testing
What is the effect of $client->insulate()?,"Each request runs in a separate PHP subprocess, so in-process profiler/container access is lost<br><br>Insulated requests run in a fresh subprocess to isolate global state, at the cost of losing in-process access to the profiler and container.",testing
Which class must be registered to enable the PHPUnit bridge's deprecation collection and clock/DNS mocking?,"Symfony\Bridge\PhpUnit\SymfonyExtension<br><br>The bridge&#x27;s PHPUnit extension (registered under &lt;extensions&gt;&lt;bootstrap .../&gt;) wires the DeprecationErrorHandler, ClockMock and DnsMock.",testing
A deprecation triggered deep inside a vendor library's own internals is classified as…,"indirect<br><br>self = your code, direct = a dependency you call directly, indirect = deep inside a dependency&#x27;s internals, legacy = tests excluded from thresholds.",testing
What does SYMFONY_DEPRECATIONS_HELPER=weak do?,Reports deprecations but never fails the build<br><br>weak collects and prints deprecations without enforcing thresholds. disabled=1 turns collection off; max[...] enforces limits.,testing
The modern way to silence a single test's expected deprecations is…,The #[IgnoreDeprecations] attribute<br><br>Symfony\Bridge\PhpUnit\Attribute\IgnoreDeprecations replaces the old @group legacy for excluding a test&#x27;s deprecations from the report.,testing
How is SYMFONY_DEPRECATIONS_HELPER supplied to PHPUnit?,As an environment/server variable (e.g. in phpunit.dist.xml <php>)<br><br>It is read from the environment; commonly set via &lt;php&gt;&lt;server name=&quot;SYMFONY_DEPRECATIONS_HELPER&quot; .../&gt;&lt;/php&gt; or the shell.,testing
You must test a service that needs the container but sends no HTTP requests. Which base class fits best?,"KernelTestCase — boots the kernel and exposes the container, without an HTTP client<br><br>KernelTestCase boots the kernel and gives you self::getContainer() with no browser. WebTestCase adds the HTTP client and is reserved for tests that make requests; a plain TestCase boots no kernel at all.",testing
"To swap a real service for a mock before making a request in a functional test, you should…","Fetch the test container with self::getContainer() and call ->set('service.id', $mock) before the request<br><br>The test container returned by self::getContainer() allows -&gt;set() to override a (used) service with a double. Do this before issuing the request so the kernel uses the replacement.",testing
What does the WebTestCase helper assertResponseIsSuccessful() verify?,That the last response has a 2xx status code<br><br>assertResponseIsSuccessful() passes for any 2xx status. These assertResponse*/assertSelector* helpers come from the BrowserKit/DomCrawler assertion traits mixed into WebTestCase; assertSelectorTextContains() checks a CSS-selected element&#x27;s text.,testing
A method referenced by #[DataProvider('provide')] must be…,public static and return an array or other iterable of argument sets<br><br>PHPUnit\Framework\Attributes\DataProvider names a public static method returning an iterable (array or Generator) of argument arrays; each set becomes one parameterised run of the test.,testing
Which utility tests a console command's output and exit code without a real terminal?,"CommandTester — call execute([...]) then getDisplay() and getStatusCode()<br><br>Symfony\Component\Console\Tester\CommandTester wraps a single command: execute() supplies input, then getDisplay() returns captured output and getStatusCode() the exit code. ApplicationTester covers the whole app.",testing
Which SYMFONY_DEPRECATIONS_HELPER value makes the build fail on the very first deprecation?,"max[total]=0<br><br>max[total]=0 sets a zero threshold, so any deprecation fails the suite. weak reports without failing, and disabled=1 turns collection off entirely.",testing
Which Twig delimiter executes a statement without printing anything?,"{% ... %}<br><br>{% %} runs tags/control flow, {{ }} prints an (escaped) expression, and {# #} is a comment that is stripped at compile time.",twig
What does {{ 7 // 2 }} output in Twig?,3<br><br>// is integer (floor) division in Twig; / performs float division and would return 3.5.,twig
"What is the result of {{ ""a"" ~ 1 + 1 }}?","""a2""<br><br>+ binds tighter than ~, so it evaluates as &quot;a&quot; ~ (1 + 1) =&gt; &quot;a&quot; ~ 2 =&gt; &quot;a2&quot;. ~ is string concatenation, not addition.",twig
How do you strip whitespace between HTML tags in current Twig 3.x?,{% apply spaceless %}...{% endapply %}<br><br>The {% spaceless %} tag was removed in Twig 3; use the spaceless filter via {% apply spaceless %} (or the {{- -}} whitespace modifiers).,twig
"In Symfony, how is the default auto-escaping strategy chosen for a template?","Guessed from the template file extension (e.g. .html.twig => html)<br><br>TwigBundle configures autoescape to &#x27;name&#x27;, using FileExtensionEscapingStrategy::guess() so .html.twig escapes as html, .js.twig as js, .txt.twig not at all.",twig
"A value is placed inside <script>const x = ""..."";</script>. Which escape filter is correct?",|e('js')<br><br>A JavaScript string context requires the &#x27;js&#x27; strategy; HTML escaping does not neutralise the characters dangerous in JS.,twig
What does {% autoescape false %} ... {% endautoescape %} do?,"Disables auto-escaping inside the block (use for trusted content only)<br><br>It turns escaping off within the block, exactly like piping every value through |raw. Only use it for trusted/sanitised content.",twig
Which escaping filter is required for a value used inside an HTML attribute?,"|e('html_attr')<br><br>Attribute context needs the stricter html_attr encoder, which escapes spaces, =, backticks and other characters that html escaping leaves untouched.",twig
How many templates can a single template extend in Twig?,"Exactly one<br><br>Twig uses single vertical inheritance. For reusing blocks from several templates (horizontal reuse), use the {% use %} tag instead.",twig
"Inside an overridden block, what does {{ parent() }} render?","The parent template's version of that same block<br><br>parent() outputs the content of the same block from the parent template, letting a child extend rather than fully replace it.",twig
Which tag provides horizontal reuse of blocks (like a trait)?,"{% use %}<br><br>{% use %} imports block definitions from another template without setting a parent, and multiple use statements are allowed.",twig
What does app.user return when no one is authenticated?,"null<br><br>AppVariable::getUser() reads the token from the token storage and returns its user, or null when there is no authenticated user.",twig
Which class backs the Twig `app` global in Symfony?,"Symfony\Bridge\Twig\AppVariable<br><br>TwigBundle registers Symfony\Bridge\Twig\AppVariable as the `app` global; its getters expose user, request, session, flashes, etc.",twig
Which of these is NOT a member of the `app` global?,"app.controller<br><br>app exposes user, request, session, flashes, environment, debug, token, locale, current_route and current_route_parameters. There is no app.controller.",twig
What does app.environment return?,"The kernel environment string, e.g. 'dev' or 'prod'<br><br>app.environment is the kernel environment (dev/prod/test); app.debug is the boolean debug flag. They are unrelated to OS env vars.",twig
How do you register a static global string in Twig?,"Under twig.globals in config, or via a GlobalsInterface extension<br><br>Declare globals under twig.globals in twig.yaml, or return them from an extension implementing Twig\Extension\GlobalsInterface::getGlobals().",twig
Which attribute registers a custom Twig filter in current Twig 3.x?,#[AsTwigFilter]<br><br>Twig 3.x provides Twig\Attribute\AsTwigFilter and AsTwigFunction as an attribute-based alternative to returning TwigFilter/TwigFunction from an AbstractExtension.,twig
A custom filter returns '<b>x</b>' but the page shows escaped text. Why?,The filter must be declared with the is_safe => ['html'] option<br><br>Filter/function output is auto-escaped unless the TwigFilter/TwigFunction declares is_safe for the relevant context.,twig
What does the `default` filter replace?,"Undefined, null AND empty values<br><br>default(x) substitutes x when the value is undefined, null or empty (unless you pass true as the second argument to only test &#x27;defined&#x27;).",twig
What does the `only` keyword do on an include?,Restricts the included template's scope to just the `with` variables<br><br>By default an include inherits the parent context; adding `only` isolates it so it sees only the variables passed via `with` (plus the app global).,twig
Which construct includes a template AND lets you override its blocks?,"{% embed %}<br><br>embed combines include with extends-style block overriding, ideal for configurable components with slots.",twig
"What does {% include ['a.html.twig', 'b.html.twig'] %} render?","The first template in the list that exists<br><br>Passing an array of names renders the first template that can be loaded, which is handy for theme overrides.",twig
What is loop.index on the first iteration of a for loop?,1<br><br>loop.index is 1-based; loop.index0 is the 0-based counterpart.,twig
When does the `else` clause of a for loop execute?,When the collection is empty (zero iterations)<br><br>{% for ... else ... endfor %} renders the else block only when the loop produced no iterations.,twig
How do you skip iterations in a Twig for loop?,"Filter the source, e.g. {% for x in items if x.active %}<br><br>Twig has no break/continue by design; filter the iterable inline or use an if inside the body.",twig
What is the difference between path() and url() in Twig?,"path() returns a relative URL, url() returns an absolute URL<br><br>Both use UrlGeneratorInterface via RoutingExtension; path() uses ABSOLUTE_PATH (relative) and url() uses ABSOLUTE_URL (scheme + host).",twig
"Given route 'search' => /search, what does path('search', {q: 'x', page: 2}) produce?",/search?q=x&page=2<br><br>Parameters not consumed by the route pattern are appended as the query string.,twig
Which Twig extension provides path() and url()?,Symfony\Bridge\Twig\Extension\RoutingExtension<br><br>RoutingExtension wraps the UrlGeneratorInterface and reads the RequestContext to build relative and absolute URLs.,twig
How does render(controller('C::m')) execute the controller?,"As a sub-request through HttpKernel (inline fragment)<br><br>The InlineFragmentRenderer issues a real HttpKernel sub-request, so the kernel events run again for the fragment.",twig
What happens with render_esi() when no ESI-capable reverse proxy is present?,"It transparently falls back to inline rendering<br><br>Without a proxy that understands ESI, Symfony degrades render_esi to an inline sub-request so the page still works.",twig
Which service selects the fragment renderer for render()/render_esi()?,"Symfony\Component\HttpKernel\Fragment\FragmentHandler<br><br>HttpKernelExtension delegates to FragmentHandler, which picks a FragmentRendererInterface (inline, esi, hinclude) by strategy name.",twig
What is the argument order of the `trans` filter?,"(parameters, domain, locale)<br><br>The signature is message|trans(parameters = {}, domain = &#x27;messages&#x27;, locale = null).",twig
How do you pluralize a message in Symfony 8 templates?,"Use ICU MessageFormat {count, plural, ...} in a +intl-icu domain<br><br>transchoice was removed; pluralization uses ICU MessageFormat, which is applied to catalogues whose domain ends with +intl-icu.",twig
A translation key has no entry for the current locale and no fallback. What is rendered?,The key string itself<br><br>The translator returns the untranslated message id when no translation is found.,twig
Where does #{...} string interpolation work in Twig?,Only inside double-quoted strings<br><br>The lexer only interpolates #{...} within double-quoted strings; single quotes render the text literally.,twig
What is the result of {{ 1 + 2 ~ 3 }}?,"""33""<br><br>+ binds tighter than ~, so (1 + 2) ~ 3 =&gt; 3 ~ 3 =&gt; the string &quot;33&quot;.",twig
Which filter applies sprintf-style formatting in Twig?,"format<br><br>The format filter wraps vsprintf, e.g. \&quot;%s scored %d\&quot;|format(a, b).",twig
What does asset('css/app.css') return?,"A public URL/path (relative to public/) with base path and version applied<br><br>asset() resolves a path relative to public/ through the Symfony\Component\Asset\Packages service, applying base path and versioning.",twig
What is the purpose of asset versioning?,Cache busting so browsers refetch changed files<br><br>Versioning changes the URL when a file changes (static version or a JSON manifest of content hashes) so clients do not serve a stale cached copy.,twig
Which build tools are OUT of scope when only using asset()?,"AssetMapper and Webpack Encore<br><br>asset() only resolves the final public path/version. Bundling and hashing are done by AssetMapper or Webpack Encore, which are not covered here.",twig
What does {{ dump() }} with no arguments do?,"Dumps all variables available in the current template context<br><br>Called with no arguments, dump() outputs the entire render context (all passed variables plus globals).",twig
Why does dump() error in the prod environment?,"The DumpExtension is only registered in debug mode<br><br>The dump function/tag come from the debug-only DumpExtension (backed by VarDumper); in prod the function is undefined, so leftover dumps throw.",twig
What is the difference between {{ dump(x) }} and {% dump x %}?,The function prints inline; the tag sends data to the collector without injecting markup<br><br>The dump() function outputs where called; the {% dump %} tag routes the data to the profiler/toolbar without adding markup to the page.,twig
What does ValidatorInterface::validate() return when the value is invalid?,A ConstraintViolationListInterface containing the violations<br><br>validate() always returns a ConstraintViolationListInterface. It never returns a bool and never throws on failure; you inspect the result with count() and by iterating it.,validation
Which method validates a hypothetical value without changing the object?,"validatePropertyValue($objectOrClass, $property, $value)<br><br>validatePropertyValue() takes an explicit value and validates it against the property&#x27;s constraints without touching the object. validateProperty() uses the object&#x27;s current value instead.",validation
How is #[Assert\...] attribute metadata turned into constraints at runtime?,"AttributeLoader builds ClassMetadata once, cached in a PSR-6 pool<br><br>LazyLoadingMetadataFactory uses AttributeLoader to reflect over the class and build ClassMetadata, which is cached (validator.mapping.cache) so the reflection cost is paid once per class.",validation
Which statement about NotBlank and NotNull is correct?,"NotBlank rejects an empty string; NotNull accepts an empty string<br><br>NotBlank fails on &#x27;&#x27;, [], and blank strings; NotNull only fails on a strict null, so &#x27;&#x27; and 0 pass NotNull. This is a classic exam distinction.",validation
"To apply constraints to every element of an indexed array, which constraint do you use?",All<br><br>All applies the given constraints to each element of a collection. Collection validates the keys of an associative array; they are not interchangeable.,validation
A nested object's own constraints never run during validation. Why?,"The property is missing #[Assert\Valid] to cascade into it<br><br>Cascading is opt-in: without #[Assert\\Valid] on the property, the validator does not descend into the related object, so its constraints are skipped.",validation
What does #[Assert\Email] report for an empty string value?,"No violation — empty and null values pass most constraints<br><br>Like Url, Regex and most value constraints, Email skips empty/null values. Combine it with NotBlank when an empty value must be rejected.",validation
What causes the validator to recurse into a nested object property?,"#[Assert\Valid] on the property holding the nested object<br><br>Valid marks a property for cascading; the ValidValidator tells the context to descend so the nested object&#x27;s own constraints (and, for collections, each element&#x27;s) are validated.",validation
A rule must compare two properties of the same object. Which scope fits best?,"Class scope (e.g. a Callback or Expression constraint)<br><br>Cross-field rules need access to the whole object, so they belong on a class-target constraint such as Callback or Expression.",validation
A constraint on the getter isActive() reports a violation under which property path?,"active<br><br>Getter constraints validate the return value of isX/getX/hasX and report under the property-ised name, so isActive() maps to &#x27;active&#x27;.",validation
"You call validate($obj, groups: ['edit']). Which constraints run?","Only constraints assigned to the 'edit' group<br><br>Only the requested groups run. Passing a custom group does NOT implicitly include Default; list [&#x27;Default&#x27;, &#x27;edit&#x27;] if you need both.",validation
"For a class that defines a GroupSequence, validating the 'Default' group will…","Trigger the group sequence (stepwise, stop on first failing group)<br><br>On a sequenced class, the special Default group is remapped to the sequence. To run the same constraints flat (bypassing the sequence), validate the {ClassName} group instead.",validation
"For class App\Entity\User with no group sequence, what is the {ClassName} group?","'User' (the short class name), equivalent to 'Default' here<br><br>The {ClassName} group uses the short class name. Every Default-group constraint is also in it, so with no sequence &#x27;User&#x27; and &#x27;Default&#x27; are equivalent.",validation
Which default group name does an unqualified constraint belong to?,"Default (capital D)<br><br>The implicit group is &#x27;Default&#x27; with a capital D; group names are case-sensitive, so &#x27;default&#x27; would be a different (empty) group.",validation
When does a group sequence stop early?,"After the first group in the sequence that produces any violation<br><br>Each group runs fully, but the sequence halts after the first group that yields a violation, so later (often more expensive) groups are skipped.",validation
"Inside a class's #[Assert\GroupSequence], how do you reference the class's own basic constraints?","Use the short class-name group (e.g. 'User')<br><br>Referencing &#x27;Default&#x27; inside its own sequence would loop, because Default is remapped to the sequence. Use the {ClassName} group to mean the class&#x27;s Default-group constraints run flat.",validation
What must a class annotated with #[Assert\GroupSequenceProvider] provide?,"An implementation of GroupSequenceProviderInterface::getGroupSequence()<br><br>The provider attribute delegates to getGroupSequence() from GroupSequenceProviderInterface, evaluated on each validation so the sequence can depend on the object&#x27;s state.",validation
What is the signature of an instance-method #[Assert\Callback]?,"public function m(ExecutionContextInterface $context, mixed $payload): void<br><br>An instance callback receives the ExecutionContext and the optional payload and returns void; violations are added through the context. The static form additionally receives the object as the first argument.",validation
How does a callback validator register an error?,$context->buildViolation('...')->addViolation();<br><br>Violations are built and committed through the execution context. The callback&#x27;s return value is ignored.,validation
#[Assert\Callback] is which kind of constraint?,"A class-level constraint; the callback reads the whole object<br><br>Callback targets the class, so it does not receive a single property value; you read the object from $this or $context-&gt;getObject() and can report on any path with atPath().",validation
"By default, which validator class validates the constraint App\Validator\Foo?",App\Validator\FooValidator (constraint name + 'Validator')<br><br>Constraint::validatedBy() returns static::class.&#x27;Validator&#x27; by convention. Override it only when the validator service id differs from that name.,validation
How do you make a custom constraint apply at class scope?,Override getTargets() to return Constraint::CLASS_CONSTRAINT<br><br>The validator uses getTargets() (defaulting to PROPERTY_CONSTRAINT) to decide placement. Returning CLASS_CONSTRAINT makes the validator receive the whole object as $value.,validation
What is the recommended first step in ConstraintValidator::validate()?,Check $constraint instanceof YourConstraint and throw UnexpectedTypeException otherwise<br><br>Guarding the constraint type documents intent and fails fast if the validator is mis-wired. It is the documented convention in the Symfony examples.,validation
What does #[HasNamedArguments] do on a custom Constraint constructor?,"Passes attribute arguments as named constructor arguments (typed options)<br><br>#[HasNamedArguments] (Symfony\\Component\\Validator\\Attribute) opts into typed, named-argument construction instead of the legacy options-array style; remember to forward $groups and $payload to parent::__construct().",validation
When is a violation built with buildViolation() actually recorded?,Only when addViolation() is called on the builder<br><br>buildViolation() returns a fluent builder; nothing is added to the list until addViolation() commits it. Forgetting it makes the validator pass silently.,validation
Which method returns the message with its {{ placeholders }} still unresolved?,"getMessageTemplate()<br><br>getMessage() returns the interpolated message; getMessageTemplate() keeps the raw template with {{ x }} placeholders, and getParameters() holds the substitution map.",validation
"On the violation builder, which method attaches the error to a different property?","atPath('otherField')<br><br>atPath() relocates the violation to a path relative to the current node, commonly used in class-level constraints to blame a specific field.",validation
Which constraint passes only when the value IS strictly null?,IsNull<br><br>IsNull requires the value to be exactly null (fails otherwise). It is the inverse of NotNull. Blank (its cousin) passes for null or &#x27;&#x27;.,validation
"In #[Assert\GroupSequence(['A', 'B'])], if a constraint in group 'A' fails, group 'B' is…","Not validated — the sequence stops at the first group that produces a violation<br><br>A GroupSequence validates groups in order and stops as soon as one group yields a violation, so later groups (and their expensive checks) never run.",validation
A constraint declared without any explicit 'groups' option belongs to which validation group?,"The special 'Default' group<br><br>Every constraint with no explicit groups is placed in the Default group, which is the group used when you call validate() without specifying groups.",validation
"To make a single custom constraint usable on BOTH a property and a class, getTargets() should return…","[self::PROPERTY_CONSTRAINT, self::CLASS_CONSTRAINT]<br><br>getTargets() may return a single string or an array of them. Returning both PROPERTY_CONSTRAINT and CLASS_CONSTRAINT lets the same constraint be placed on a property and on a class.",validation
You put #[Assert\Valid] on a property holding a Collection/array of Address objects. What happens on validate()?,"Each element is traversed and its own constraints are validated (cascade)<br><br>Assert\Valid cascades into nested objects, and for a traversable/array it validates every element&#x27;s constraints. Without it, nested objects are not validated at all.",validation
